n_bbox_width,n_bbox_height,AnchorBox#,width_mul,height_mul
0.2214765100671141,0.13617021276595745,3,0.049773004305730034,0.028798141560497547
0.38671875,0.5789473684210527,1,0.10576947175386006,0.2744641184526976
0.4466257668711656,0.2450657894736842,2,0.2191642060819128,0.07203150100126934
0.35697399527186763,0.24361158432708688,3,0.0802237140106469,0.05152052529495954
0.27373612823674476,0.30697674418604654,1,0.07486817146452658,0.14552981164468617
0.08088235294117647,0.32429906542056075,2,0.039689865617411696,0.09532031584547326
0.23711340206185566,0.4451219512195122,1,0.06485167652678622,0.21102091590570485
0.575107296137339,0.19710669077757687,3,0.12924539003358118,0.04168537500407689
0.3865414710485133,0.16639741518578352,3,0.08686849136737242,0.03519078233399854
0.3711340206185567,0.32669322709163345,2,0.18211957081803903,0.09602402507872629
0.5217391304347826,0.49429657794676807,1,0.14269820695118934,0.23433334689877738
0.8668555240793201,0.07032181168057211,2,0.4253755981288192,0.02066949311594607
0.07196969696969698,0.4095238095238095,1,0.01968406453209272,0.19414474872368304
0.3324175824175824,0.20122699386503068,3,0.07470508613286769,0.042556762873526666
0.37589376915219613,0.6781376518218624,1,0.10280878648577346,0.3214876911945933
0.3966597077244259,0.11764705882352941,3,0.08914238956761038,0.024880747304106336
0.27398444252376836,0.3409893992932862,1,0.0749360866379373,0.1616543402451079
0.11901081916537867,0.22310756972111553,3,0.02674561746052366,0.04718420604284707
0.32669789227166274,0.39979013641133265,1,0.08935347326363992,0.1895302636152893
0.38264738598442716,0.45125348189415043,1,0.10465593375953004,0.21392771754808892
0.3308519437551696,0.38689866939611056,1,0.09048962668534201,0.1834187493000162
0.2975970425138632,0.347906976744186,1,0.08139424835801819,0.1649337865306443
0.603125,0.34993924665856624,2,0.29596011156983587,0.10285666249134585
0.2554945054945055,0.1276127612761276,3,0.05741795876327847,0.026988357361769907
0.6672354948805461,0.31133113311331134,2,0.32741984084261316,0.09150868782925708
0.12480252764612954,0.07027818448023426,3,0.028047203489049172,0.014862876866874649
0.315004659832246,0.18421052631578946,3,0.0707918337949441,0.038958012226166495
0.18514851485148515,0.44221105527638194,1,0.050639025420549946,0.20964093469753786
0.3158620689655172,0.36254107338444685,1,0.08638982253010508,0.171871436916162
0.21691176470588236,0.12205270457697642,3,0.04874715695762842,0.025812481253081193
0.47116564417177914,0.09370199692780339,2,0.23120619542707288,0.02754156547113968
0.23395853899308983,0.2745314222712238,3,0.05257812381609515,0.05805964902882145
0.20874751491053678,0.3798358733880422,3,0.04691238341846776,0.08033010325382045
0.4684931506849315,0.3020304568527919,2,0.2298947732997575,0.08877496610983272
0.7450980392156863,0.2589792060491493,2,0.3656278529603986,0.07612103255987276
0.6624472573839663,0.25718608169440244,2,0.3250701997172898,0.07559398454133152
0.40821566110397944,0.12480499219968799,2,0.20031594214281956,0.03668358174310003
0.24010554089709762,0.11366711772665765,3,0.05395955587921912,0.024039044080016135
0.3993933265925177,0.1757754800590842,3,0.08975672299579437,0.037174115063668474
0.1859582542694497,0.1875,3,0.04179089235077166,0.03965369101591947
0.42455242966751916,0.3694390715667311,2,0.20833257525661156,0.10858819140206673
0.5314207650273224,0.42016806722689076,2,0.26077405000292453,0.12349882299016345
0.3932135728542914,0.6066666666666667,1,0.10754583760742496,0.2876051277604328
0.09844559585492228,0.16572077185017026,3,0.0221239402087489,0.03504768150328713
0.4950911640953717,0.5095652173913043,2,0.2429467128089635,0.1497750769112358
0.47832817337461303,0.2859744990892532,2,0.2347209277661285,0.08405568342168393
0.5505780346820809,0.09494451294697903,2,0.2701747342133216,0.027906774724016464
0.7671957671957672,0.2348804500703235,3,0.17241394228399828,0.04967400956143311
0.19518072289156627,0.1638755980861244,3,0.04386348221729505,0.0346574524349663
0.4118773946360153,0.6327212020033389,1,0.11265048425504968,0.2999569156135795
0.07711757269279393,0.262987012987013,3,0.01733083692046049,0.05561816402232861
0.2820773930753564,0.5400763358778626,1,0.07714954824219511,0.25603635755033916
0.3407707910750507,0.0962800875273523,3,0.07658232489895102,0.020361924489574988
0.1725067385444744,0.23376623376623376,3,0.038767897497299815,0.049438368019847655
0.2861788617886179,0.31256281407035175,1,0.07827132001875535,0.14817802429757787
0.13443396226415094,0.423444976076555,1,0.0367683469561732,0.20074441721540276
0.3302919708029197,0.3106145251396648,2,0.1620779250229274,0.09129805725498519
0.3875878220140515,0.26705653021442494,2,0.1901936332375351,0.07849517782489804
0.5412587412587413,0.2306501547987616,2,0.2656016538049094,0.06779435388354763
0.30030959752321984,0.43799472295514513,1,0.0821361454355272,0.20764207953941188
0.36767676767676766,0.40813953488372096,1,0.10056139634641052,0.19348849957304864
0.16905444126074498,0.453551912568306,1,0.04623721748633332,0.2150173446596642
0.2397003745318352,0.10182370820668693,3,0.05386850176591097,0.021534324604389907
0.4116331096196868,0.2124756335282651,3,0.09250740194196289,0.044935696641821676
0.179519595448799,0.4897959183673469,1,0.0490994884010308,0.2321996994701857
0.4171779141104294,0.28059701492537314,2,0.20471381886772075,0.08247509456525184
0.30054151624548736,0.3601003764115433,1,0.08219957634169367,0.17071436499629974
0.22556390977443608,0.10239651416122005,3,0.05069157649729169,0.021655465246166624
0.4781297134238311,0.2871046228710462,2,0.23462354127215865,0.08438785753906934
0.2583941605839416,0.2446351931330472,3,0.05806960595244495,0.05173700458729408
0.2970922882427307,0.4314868804664723,1,0.0812561955932552,0.20455687810468742
0.2845744680851064,0.2992125984251969,2,0.1396438405378566,0.08794672087582979
0.6196213425129088,0.22327790973871733,3,0.13924914989617476,0.04722023063178376
0.494949494949495,0.11590296495956873,2,0.2428771941913972,0.03406703381351301
0.3840104849279161,0.2464065708418891,2,0.1884381943432171,0.0724255931129172
0.37645107794361526,0.31180124223602484,2,0.18472870968501942,0.09164686568678738
0.4856175972927242,0.35608856088560886,2,0.23829792874616415,0.10466411319612856
0.08201438848920864,0.24594992636229748,3,0.018431311339374982,0.05201505272191302
0.24225865209471767,0.10599721059972106,3,0.05444343027690302,0.02241696340091031
0.12995896032831739,0.13747454175152748,3,0.029206022300195193,0.029073989339574356
0.2494802494802495,0.2171344165435746,3,0.05606635903650558,0.04592096566688459
0.3551219512195122,0.2266949152542373,3,0.07980749923209383,0.04794288066331507
0.40487804878048783,0.23541666666666666,3,0.09098931917944765,0.049787412053321115
0.1577437858508604,0.3891891891891892,1,0.04314369784733616,0.18450462606549892
0.5102803738317757,0.45914844649021863,2,0.25040022610760604,0.13495621667194363
0.23985890652557318,0.2944606413994169,2,0.11770141966644967,0.08654999145882067
0.09561752988047809,0.13468013468013468,3,0.02148838143152126,0.028483010381805233
0.6076233183856502,0.3371104815864023,2,0.29816748617923466,0.09908593951069149
0.5015974440894568,0.3612217795484728,2,0.2461394163993536,0.10617290577810387
0.21831735889243875,0.13820078226857888,3,0.04906303987215683,0.02922757929726181
0.1994535519125683,0.4515235457063712,1,0.05455152310360813,0.21405574788416126
0.47468354430379744,0.35658914728682173,2,0.23293246795028727,0.10481124915475268
0.2588699080157687,0.06744868035190615,3,0.0581765219362917,0.014264475360565361
0.18077474892395984,0.29073856975381007,2,0.0887081697169645,0.08545597336660501
0.27946127946127947,0.166412213740458,1,0.07643402835853548,0.07889176812151792
0.40796555435952636,0.358683314415437,2,0.2001932119956814,0.10542678183251092
0.3799237611181703,0.14036996735582155,3,0.08538127583938157,0.029686332338359735
0.0975177304964539,0.2692307692307692,3,0.021915418562511155,0.056938633253627954
0.26783479349186484,0.41997593261131166,1,0.0732541275149931,0.19909983256315913
0.18203592814371258,0.2966183574879227,2,0.08932704431607344,0.0871842029043409
0.17802197802197803,0.15428571428571428,3,0.04000735191247791,0.03262932289309945
0.33045148895292986,0.20132013201320131,3,0.07426324072699614,0.042576460320723215
0.17391304347826086,0.570873786407767,1,0.047566068983729774,0.27063664001355137
0.12105263157894737,0.39081632653061227,1,0.03310848748999086,0.18527601020225234
0.20801526717557253,0.2684124386252046,3,0.0467478234402823,0.05676556749905766
0.5884353741496599,0.4361413043478261,1,0.16093995619579998,0.20676342125037087
0.5231788079470199,0.25,2,0.25672963045964553,0.07348179967914725
0.33079847908745247,0.45137614678899085,1,0.09047500383692328,0.21398586983284545
0.23939679547596607,0.18169209431345354,3,0.05380027763843883,0.038425398229018595
0.6308243727598566,0.31098430813124106,2,0.3095525002992396,0.09140674653383224
0.49028400597907323,0.5454545454545454,2,0.24058778712617215,0.1603239265726849
0.34324324324324323,0.14325452016689846,3,0.07713796564105892,0.030296375889770646
0.36363636363636365,0.506578947368421,1,0.09945632605688955,0.24015610364611037
0.17545541706615533,0.1911532385466035,3,0.03943056185259133,0.040426301109436596
0.2055888223552894,0.27794263105835804,3,0.04620252205165661,0.05878107313141244
0.18900343642611683,0.746,3,0.04247524422424842,0.15776881865533826
0.3137931034482759,0.321025641025641,2,0.15398174823858532,0.09435816738286396
0.42397137745974955,0.5676767676767677,1,0.11595824777741996,0.2691210153202851
0.5104529616724739,0.35194585448392557,2,0.2504849168708618,0.1034464591083765
0.30638297872340425,0.19597989949748743,3,0.06885426050185323,0.0414470740266897
0.17597765363128492,0.38430311231393777,3,0.0395479254628312,0.08127486331814979
0.2775330396475771,0.163575042158516,1,0.07590664532755996,0.07754673774464535
0.22901849217638692,0.3427041499330656,3,0.05146793397517815,0.07247725051370199
0.2870748299319728,0.3900134952766532,1,0.0785163716932111,0.18489540846813426
0.31810490693739424,0.19874476987447698,3,0.07148856056053476,0.04203180637670683
0.12769485903814262,0.17355371900826447,3,0.028697204804243464,0.03670424292382629
0.3490650044523598,0.27837837837837837,2,0.17129006037363007,0.08182297694002343
0.40048543689320387,0.2679355783308931,2,0.19652263558135888,0.07875355397530862
0.1362862010221465,0.22093023255813954,3,0.03062795990523473,0.046723728948990385
0.36044880785413747,0.7417582417582418,1,0.09858451394208512,0.3516485833322524
0.47619047619047616,0.33290978398983484,2,0.23367193610251039,0.09785124023347691
0.23563218390804597,0.12890625,3,0.052954246482707204,0.027261912573444638
0.4872159090909091,0.6695652173913044,2,0.2390822380321566,0.19680342870589004
0.306841046277666,0.4262295081967213,1,0.08392252865212887,0.20206449257173262
0.24031007751937986,0.2874493927125506,3,0.05400552193755392,0.060791623473798274
0.2806451612903226,0.4380664652567976,1,0.07675782583584136,0.207676090727048
0.500763358778626,0.583984375,2,0.24573012150749493,0.17164889143800804
0.32751091703056767,0.10986547085201794,3,0.07360239818929908,0.023235047650583606
0.5094086021505376,0.23404255319148937,2,0.2499724380967581,0.06879147204005275
0.2857142857142857,0.3799682034976153,1,0.07814425618755606,0.18013319293159413
0.2645051194539249,0.4631578947368421,1,0.0723434453613467,0.21957129476215806
0.38421955403087477,0.38028169014084506,2,0.18854078686555897,0.1117751319063085
0.32510288065843623,0.4025974025974026,1,0.08891722977719857,0.19086111660996324
0.25858369098712447,0.08681672025723473,3,0.058112199623307964,0.01836055146717815
0.5544412607449857,0.29545454545454547,2,0.27207046199213497,0.08684212689353767
0.2732049036777583,0.38762214983713356,1,0.07472287894641963,0.1837617328461798
0.37559129612109743,0.49065420560747663,1,0.10272605863066145,0.23260659146692084
0.3764404609475032,0.23924449108079748,3,0.08459846454106273,0.05059694467508718
0.16595744680851063,0.2891566265060241,2,0.08143715560338553,0.08499099721925465
0.23684210526315788,0.1078838174273859,3,0.05322615532215628,0.02281595499671162
0.11703511053315994,0.24473975636766335,3,0.026301611212508954,0.05175911828434524
0.06578947368421052,0.33763440860215055,2,0.03228362275100473,0.09923993591076231
0.22536687631027252,0.325,3,0.05064729664360782,0.06873306442759375
0.4400871459694989,0.1956521739130435,3,0.09890195309921848,0.04137776453835076
0.5244648318042814,0.10299625468164794,2,0.2573606965973062,0.030273400616877146
0.4473007712082262,0.2972972972972973,2,0.21949543817958175,0.08738376178060756
0.34300791556728233,0.36970837253057387,1,0.09381434449957259,0.17526926986113853
0.18906605922551253,0.2544757033248082,3,0.04248931761227054,0.053818138190403916
0.1736842105263158,0.2867383512544803,2,0.08522876406265248,0.08428020034884272
0.1561771561771562,0.2476489028213166,3,0.035098107083711444,0.052374363055509104
0.17712177121771217,0.18580645161290324,3,0.03980504604658181,0.039295528645453104
0.350109409190372,0.23640167364016737,3,0.07868101734955267,0.04999572758492497
0.3525252525252525,0.3127413127413127,2,0.17298804239346452,0.09192317797700274
0.228310502283105,0.6235294117647059,3,0.05130882552617804,0.13186796071176357
0.43272727272727274,0.19791666666666666,3,0.09724794923910736,0.04185667385013722
0.4795180722891566,0.14123006833712984,2,0.2353048243306966,0.04151135836088501
0.7061503416856492,0.22146341463414634,3,0.15869504168438395,0.04683648968124212
0.17813765182186234,0.20446735395189003,3,0.04003334759273292,0.04324205480773807
0.12552301255230125,0.31432192648922685,2,0.061595531273883494,0.09238776334818007
0.1311881188118812,0.30214917825537296,2,0.06437546160447874,0.08880986155912109
0.20382165605095542,0.328125,3,0.04580538207483513,0.06939395927785907
0.4637223974763407,0.3704188481675393,2,0.22755371190802828,0.10887617439371033
0.6731793960923623,0.4368131868131868,1,0.18411786115949044,0.20708194351788195
0.21960072595281308,0.13186813186813187,3,0.04935145436000697,0.027888310165042268
0.41092896174863386,0.5916795069337443,1,0.11239108321620085,0.28050009920589464
0.21806853582554517,0.40550688360450565,3,0.04900712120350838,0.08575917155883461
0.4378698224852071,0.23120567375886525,2,0.21486756728005987,0.06795763601532484
0.23915737298636927,0.2171945701357466,3,0.05374647158649238,0.04593368733065785
0.2055800293685756,0.46035805626598464,1,0.056227144687081454,0.21824396305701596
0.4019471488178025,0.1871345029239766,3,0.0903306502469356,0.03957639337261359
0.1998069498069498,0.32053941908713696,3,0.044903146478344196,0.0677897124421528
0.17627118644067796,0.17883755588673622,3,0.0396138918706519,0.037821702310265964
0.3298791018998273,0.3612167300380228,1,0.09022354967423356,0.17124359965679886
0.12554112554112554,0.3047752808988764,2,0.06160441951793456,0.08958174455266828
0.2328767123287671,0.13898916967509026,3,0.052335002036701606,0.02939431247389458
0.6453744493392071,0.19571865443425077,3,0.1450367139884699,0.041391824261265586
0.28222996515679444,0.057971014492753624,1,0.07719127745356148,0.02748257312569831
0.5854037267080745,0.3609022556390977,2,0.28726408666515135,0.10607898901049828
0.45498783454987834,0.7181008902077152,2,0.22326756522495336,0.21106938305464257
0.13135593220338984,0.42265193370165743,1,0.0359264906624993,0.2003684561381195
0.19661016949152543,0.36674528301886794,3,0.04418472554803482,0.07756162205000601
0.1042296072507553,0.25609756097560976,3,0.023423796450938866,0.05416113894857294
0.11363636363636363,0.3536754507628294,3,0.025537801795984073,0.07479753090381482
0.25380710659898476,0.178743961352657,3,0.05703874512808625,0.03780190834367846
0.5811965811965812,0.31409395973154364,2,0.2851995938071666,0.09232075771769373
0.29850746268656714,0.22141372141372143,3,0.06708437486706263,0.0468259802433311
0.2626168224299065,0.29545454545454547,2,0.12886898083559942,0.08684212689353767
0.39747634069400634,0.30973451327433627,2,0.19504603877830995,0.09103939783257181
0.14553990610328638,0.3073089700996678,2,0.07141804244259825,0.09032646472187536
0.341541755888651,0.3465458663646659,2,0.16759831905253933,0.10185925572737965
0.28978840846366144,0.6731898238747553,1,0.07925854870908974,0.3191420526964653
0.3493975903614458,0.2546419098143236,3,0.07852104841367634,0.053853288594564376
0.7533512064343163,0.23699421965317918,3,0.16930261737562846,0.050121042979659296
0.39946380697050937,0.205,3,0.08977256223832256,0.04335470217740529
0.17489421720733428,0.34177215189873417,3,0.03930444191788127,0.07228014564927093
0.3095667870036101,0.10986964618249534,3,0.06956976619223676,0.023235930675995022
0.3019867549668874,0.15993537964458804,3,0.06786628546153967,0.03382415001034811
0.1553398058252427,0.4577702702702703,1,0.04248619753886543,0.21701715999891583
0.4306864064602961,0.41910631741140214,2,0.2113425855462813,0.12318674584115903
0.37361282367447596,0.5035561877667141,1,0.10218493672861062,0.23872309074264111
0.4012158054711246,0.05787348586810229,2,0.19688103552466835,0.01701059158117541
0.5833333333333334,0.38003220611916266,2,0.2862481217255753,0.11170180176669084
0.16985138004246284,0.3055555555555556,2,0.08334795173083173,0.08981108849673554
0.21748878923766815,0.356234096692112,3,0.048876833213121085,0.07533864959767568
0.3325740318906606,0.26391096979332274,2,0.16319775765154826,0.0775706120619297
0.2905405405405405,0.4363103953147877,1,0.07946426051504855,0.20684358294678207
0.38981173864894797,0.31275720164609055,2,0.19128493373972946,0.09192784815827476
0.293569431500466,0.4840686274509804,1,0.08029267702402662,0.22948453754317014
0.26049700085689803,0.3544165757906216,1,0.07124720529868007,0.16801982070441235
0.40380549682875266,0.37300843486410495,2,0.1981518257309026,0.10963732435726563
0.35194805194805195,0.1821705426356589,3,0.0790942204195621,0.03852658351934295
0.3785557986870897,0.19076305220883535,3,0.08507385000920384,0.04034378202422865
0.3637469586374696,0.09345794392523364,3,0.0817458200554663,0.019765079634103164
0.30392156862745096,0.5878378378378378,1,0.083124037219116,0.27867886228643063
0.47854356306892065,0.26902173913043476,2,0.23482662187258782,0.07907280617647366
0.22566371681415928,0.37721518987341773,3,0.05071400639839669,0.07977586445734348
0.39245283018867927,0.5136363636363637,1,0.10733777076328456,0.24350184393303376
0.2909090909090909,0.07889908256880734,1,0.07956506084551163,0.0374040341577738
0.23885034687809711,0.24750830564784054,3,0.05367747279377901,0.0523446286721772
0.5877742946708464,0.34655172413793106,2,0.28842735059675073,0.1018609774862662
0.4633699633699634,0.4669260700389105,1,0.12673395394520312,0.22135769015640272
0.580542264752791,0.340153452685422,2,0.2848785134876538,0.09998035148160189
0.0723055934515689,0.40476190476190477,1,0.019775933864654364,0.1918872516455007
0.4287396937573616,0.5940054495912807,2,0.21038731208098815,0.17459435782075314
0.3779795686719637,0.10382513661202186,3,0.08494435230755021,0.021957599396793297
0.30327056491575816,0.28205128205128205,2,0.1488182221402113,0.08290254322775588
0.33004926108374383,0.38375973303670746,1,0.0902700890442458,0.1819306599714261
0.3152639087018545,0.18429003021148035,3,0.07085009548192557,0.0389748262150427
0.4735202492211838,0.2731006160164271,2,0.23236162618044026,0.08027169903348325
0.15175718849840256,0.05497076023391813,3,0.034104796008694385,0.011625565553205241
0.5286259541984732,0.28989037758830694,2,0.2594026054023479,0.08520666661942532
0.3790186125211506,0.27413587604290823,2,0.18598862731407936,0.0805759901130101
0.2198443579766537,0.5819672131147541,3,0.04940620643176374,0.12307812293465716
0.44976076555023925,0.45691056910569106,1,0.12301177170194233,0.21660959769681482
0.3095703125,0.4141048824593128,1,0.08466899632821627,0.19631651806471923
0.4263322884012539,0.3838582677165354,2,0.20920597163284319,0.11282638533412373
0.332378223495702,0.26506024096385544,2,0.16310167230536257,0.07790841411765011
0.2965174129353234,0.44461778471138846,1,0.08109896438171242,0.21078190347771342
0.13054187192118227,0.2215568862275449,3,0.029337021570559046,0.046856257647553544
0.09210526315789473,0.36213991769547327,3,0.020699060403060774,0.07658765013774296
0.1356382978723404,0.12315270935960591,3,0.030482354909674603,0.02604511725183545
0.18898623279098872,0.3013698630136986,2,0.09273763571727915,0.0885807996132186
0.5198863636363636,0.2175226586102719,3,0.11683544321662713,0.0460030735652963
0.2839632277834525,0.47619047619047616,1,0.07766533326914409,0.22574970781823608
0.33655172413793105,0.13933547695605572,3,0.0756341627811545,0.029467551737446408
0.5518590998043053,0.05269320843091335,2,0.2708033670448271,0.015487967145487712
0.36434977578475336,0.10396975425330812,3,0.08188129275393996,0.02198818405419605
0.7002518891687658,0.3574338085539715,2,0.3436213508731627,0.10505951807487042
0.28255093002657217,0.1985494106980961,3,0.06349842090494817,0.041990490577147724
0.23015873015873015,0.34210526315789475,3,0.05172418268519949,0.07235059413430922
0.14397496087636932,0.11663066954643629,3,0.03235587532711848,0.024665794843595698
0.3485064011379801,0.35988200589970504,1,0.09531820722735324,0.17061084112988817
0.26621160409556316,0.35352112676056335,1,0.07281017726690378,0.16759531125491864
0.3101361573373676,0.20950323974082075,3,0.06969772229947846,0.044307075922755235
0.28685897435897434,0.1783132530120482,3,0.06446657914909312,0.037710819407910566
0.1522956326987682,0.47596153846153844,1,0.04165360128250469,0.22564117430486194
0.3162518301610542,0.261101243339254,3,0.07107211369517794,0.055219349478651626
0.3904761904761905,0.34973637961335674,2,0.19161098760405854,0.10279703434903552
0.3719862227324914,0.40289256198347106,1,0.10174005340607184,0.19100104411480925
0.17004680187207488,0.15544871794871795,3,0.03821506939580019,0.032875282295249476
0.36754507628294036,0.4038231780167264,1,0.10052537810535125,0.19144222533976582
0.5628654970760234,0.20304568527918782,3,0.12649425801870473,0.042941391286274895
0.35384615384615387,0.30144927536231886,2,0.17363622328848083,0.08860414106239206
0.06538461538461539,0.21649484536082475,3,0.014694058264150836,0.0457857050905462
0.3298835705045278,0.2084507042253521,3,0.0741356109058063,0.044084479026148975
0.11175337186897881,0.4577205882352941,1,0.030565094424034454,0.2169936070186685
0.36257928118393234,0.18538565629228687,3,0.08148340480020964,0.03920653617812155
0.43133462282398455,0.2603092783505155,2,0.21166067248898573,0.07651197698550384
0.507177033492823,0.4043795620437956,2,0.24887738266229098,0.11885815188977394
0.30084033613445377,0.11951588502269289,3,0.06760864771266237,0.025275978539648115
0.10625,0.23556797020484171,3,0.023877844679245107,0.049819410686667294
0.6113744075829384,0.3130081300813008,2,0.3000081871572041,0.09200160285031445
0.3821656050955414,0.186219739292365,3,0.08588509139031587,0.039382933349144104
0.4165745856353591,0.46774193548387094,1,0.1139351889939008,0.2217444710666222
0.1801909307875895,0.2358604091456077,3,0.040494786427808634,0.04988125753145747
0.3531669865642994,0.20040899795501022,3,0.07936815483312362,0.04238376790249607
0.5933734939759037,0.5373665480427047,1,0.16229055614855395,0.2547517165450629
0.20761904761904762,0.5488,1,0.05678482616295741,0.26017202326636074
0.2775061124694376,0.06386292834890965,1,0.07589928061248569,0.03027577857188493
0.4681647940074906,0.4268727705112961,2,0.22973364504460292,0.12546951764477463
0.27472527472527475,0.2971548998946259,1,0.07513870787265006,0.14087352683873489
0.4391785150078989,0.27329974811083124,2,0.21550975718269444,0.08033022937216602
0.29213483146067415,0.15422885572139303,3,0.06565223652720399,0.03261729808274636
0.37037037037037035,0.6363636363636364,1,0.10129810987275786,0.3016837004480064
0.4337957124842371,0.13565891472868216,2,0.2128683564192352,0.03987384478713417
0.3878116343490305,0.27363737486095663,2,0.19030346042697524,0.08042946705704215
0.2549019607843137,0.2978723404255319,2,0.1250832128548732,0.08755278259643076
0.2806652806652807,0.5778120184899846,1,0.07676332858341006,0.2739258781307565
0.45195729537366547,0.40567200986436497,2,0.22178044611579903,0.11923803745716126
0.24211711711711711,0.6160714285714286,1,0.0662202170958738,0.292063684489843
0.4357142857142857,0.1737704918032787,2,0.21380982153379702,0.051075873875341696
0.2839160839160839,0.1141552511415525,1,0.07765243919057145,0.054118080641357966
0.2605633802816901,0.40146750524109015,1,0.07126536039639796,0.19032546121405378
0.326417704011065,0.13978494623655913,3,0.07335671752406601,0.029562608355954298
0.33883058470764615,0.34573304157549234,2,0.1662679173527008,0.10162034441405046
0.38118214716525933,0.248868778280543,2,0.18705029770521822,0.07314930284801989
0.12551440329218108,0.26461538461538464,3,0.028207185193588995,0.055962542397851485
0.5267175572519084,0.21631205673758866,3,0.11837063550016434,0.04574704779141538
0.21957040572792363,0.4220314735336195,3,0.04934464041534298,0.08925389680264183
0.26858877086494687,0.3927427961579509,1,0.07346034401849921,0.1861893001087864
0.2877030162412993,0.36314363143631434,1,0.07868818372482443,0.1721570942548825
0.13501483679525222,0.17438692098092642,3,0.03034224284602974,0.03688045376957451
0.3191881918819188,0.37344913151364767,1,0.08729953343462214,0.17704266788077797
0.4049429657794677,0.22526041666666666,3,0.09100390814903526,0.047639503789958806
0.26597938144329897,0.6767955801104972,1,0.07274666323439498,0.3208514493714985
0.4861111111111111,0.4529058116232465,2,0.23854010143797938,0.133121336492884
0.6257545271629779,0.36933333333333335,2,0.3070646709628763,0.10855711205932687
0.4561891515994437,0.30357142857142855,2,0.22385706479472764,0.08922789961039308
0.5671191553544495,0.3997194950911641,2,0.2782916451682386,0.11748843146455522
0.5397815912636506,0.3854692230070636,2,0.2648767999564494,0.11329988890992634
0.49232914923291493,0.425531914893617,2,0.24159136155200972,0.12507540370918682
0.19235511713933415,0.4100346020761246,1,0.05261006643453219,0.19438690238950884
0.3028322440087146,0.366751269035533,1,0.0828261016018432,0.17386738283615163
0.1552901023890785,0.47980997624703087,1,0.04247260340569387,0.22746562008668825
0.2621544327931363,0.24720357941834453,3,0.05891466191256574,0.052280183233516506
0.37142857142857144,0.3777267508610792,1,0.10158753304382288,0.1790705776482426
0.09640287769784173,0.33273056057866185,2,0.047305958862767214,0.0977985615982864
0.06656346749226007,0.2655367231638418,3,0.014958984829102746,0.05615739292649989
0.37438423645320196,0.531700288184438,1,0.10239592190093554,0.25206548787946853
0.3944374209860936,0.16219839142091153,3,0.08864296916694549,0.034302746115647945
0.32092198581560283,0.36376210235131395,1,0.08777373456527796,0.17245029547442847
0.22596754057428214,0.538109756097561,3,0.05078228551890566,0.11380286933837051
0.6050632911392405,0.3570536828963795,2,0.2969112524806328,0.1049477888051741
0.39499455930359084,0.4312210200927357,1,0.10803294612218714,0.2044308405111353
0.35805626598465473,0.3204272363150868,2,0.1757021719031664,0.09418227996259194
0.3324372759856631,0.41097424412094063,1,0.09092322281320928,0.19483236261535783
0.47810858143607704,0.2484472049689441,2,0.23461317157192507,0.07302539098548795
0.37084398976982097,0.1724137931034483,3,0.08334075471016797,0.03646316415256963
0.6224066390041494,0.13777777777777778,2,0.3054218251962273,0.04049663626761893
0.2693208430913349,0.13662790697674418,1,0.07366056935712252,0.064771791167616
0.2025586353944563,0.2807244501940492,3,0.04552154008836393,0.05936938991257974
0.2366412213740458,0.2403755868544601,3,0.05318101015224775,0.050836155994117734
0.3344103392568659,0.33559898045879355,2,0.16409885399638333,0.09864166821839648
0.41863905325443784,0.17280453257790368,3,0.09408186626141825,0.03654580021863778
0.2800982800982801,0.28211920529801326,1,0.07660825115192843,0.13374548914847287
0.441726618705036,0.08935611038107753,2,0.21676013986372442,0.026264191212520438
0.23434343434343435,0.4428794992175274,1,0.06409407679221771,0.2099578268487914
0.17905405405405406,0.12476722532588454,3,0.04023929310015869,0.02638656534392655
0.14241001564945227,0.2597968069666183,3,0.03200418103008458,0.054943478988676034
0.5267175572519084,0.17857142857142858,2,0.25846613390270046,0.05248699977081947
0.22568807339449543,0.13076923076923078,3,0.05071948011738195,0.027655907580333584
0.38727272727272727,0.22535211267605634,3,0.08703282852071371,0.047658896244485376
0.165625,0.06948228882833787,3,0.037221346117646784,0.014694555798814846
0.2729007633587786,0.3344947735191638,1,0.07463969507990803,0.1585754045162244
0.3572241183162685,0.2561881188118812,2,0.17529382783389688,0.07530065610684891
0.5206896551724138,0.14327485380116958,2,0.2555081756486416,0.04211237642430661
0.10787671232876712,0.13286713286713286,3,0.024243420061119125,0.02809958524205016
0.5268595041322314,0.33016421780466726,2,0.2585357888076329,0.09704424365577961
0.08891595615103533,0.6039426523297491,1,0.024318949398198023,0.28631374233506396
0.07094133697135062,0.32526881720430106,2,0.034811699075571814,0.09560535227071847
0.136,0.5560821484992101,1,0.03719666594527669,0.2636243033479307
0.10880829015544041,0.4663402692778458,1,0.029759600154328346,0.22107997702003757
0.2385204081632653,0.5389830508474577,1,0.06523649958514725,0.2555180591203696
0.4444444444444444,0.44301765650080255,1,0.12155773184730943,0.2100233236780893
0.07715582450832073,0.3487261146496815,3,0.017339433352553182,0.07375081386400309
0.31756756756756754,0.2573099415204678,3,0.07136780285688521,0.05441754088734368
0.4706896551724138,0.27492877492877493,2,0.23097262235787797,0.0808090446613984
0.4742647058823529,0.2568527918781726,2,0.23272693930209584,0.07549602159928633
0.4261275272161742,0.12598425196850394,2,0.20910549305347512,0.03703019826350728
0.11804384485666104,0.44891640866873067,1,0.03228556958845065,0.21281977099273341
0.3501683501683502,0.45157068062827227,1,0.0957727584251529,0.21407809334334038
0.06879194630872483,0.3064913722267872,2,0.03375696929266132,0.09008615046942292
0.6301587301587301,0.06866002214839424,2,0.3092258621089888,0.020181047973896478
0.07204116638078903,0.1414141414141414,3,0.016190002648020094,0.029907160900895492
0.3488372093023256,0.5340909090909091,1,0.09540868488015566,0.2531988200188625
0.3770334928229665,0.5645645645645646,1,0.10312050649056441,0.2676455995394583
0.225130890052356,0.3342857142857143,3,0.05059426282513284,0.07069686626838215
0.13370473537604458,0.3218249075215783,2,0.06561039320092772,0.09459309354504282
0.5390279823269514,0.37631027253668764,2,0.26450699571191383,0.11060782425498476
0.6082644628099173,0.5890625,2,0.2984821028430083,0.17314149049399072
0.3843329253365973,0.2668187001140251,2,0.18859641941982297,0.07842527308971703
0.19242424242424241,0.5986509274873525,1,0.052628972538437374,0.28380507112731035
0.38089622641509435,0.7549800796812749,1,0.10417698304249072,0.35791671803293645
0.4309623430962343,0.15022421524663676,2,0.21147799070700002,0.04415498276684184
0.6944444444444444,0.4142640364188164,2,0.34077157348282766,0.1217634677536097
0.29065040650406504,0.42197452229299365,1,0.07949430939404839,0.20004731274020446
0.3808255659121172,0.5025380710659898,1,0.10415765704892627,0.23824042769244305
0.33603707995365006,0.41562064156206413,1,0.09190778682545701,0.197035100631314
0.34307992202729043,0.36363636363636365,1,0.0938340386189757,0.1723906859702894
0.44141252006420545,0.10067873303167421,2,0.21660600818491133,0.02959221797033532
0.3087121212121212,0.28842105263157897,2,0.1514884540300934,0.08477479205088989
0.5370051635111877,0.15274949083503056,2,0.2635143761348792,0.04489722994652582
0.7818181818181819,0.3381165919282511,2,0.38364683327375804,0.0993816627050709
0.3283450704225352,0.30327868852459017,2,0.16112255946223275,0.08914185534847371
0.09541284403669725,0.2756964457252642,2,0.046820138389714015,0.08103468398814703
0.3881720430107527,0.6404494382022472,1,0.10616695450857752,0.3036206744476726
0.33666191155492153,0.4126984126984127,1,0.09207868132799045,0.1956497467758046
0.4018058690744921,0.14147286821705427,3,0.09029890007501006,0.02991958081821314
0.22702702702702704,0.3976047904191617,3,0.051020386723220075,0.08408798669723123
0.2754098360655738,0.22508591065292097,1,0.07532593875128356,0.10670746498418686
0.3955119214586255,0.6708333333333333,1,0.10817444720493385,0.3180249008889401
0.19201030927835053,0.14724919093851133,3,0.043150986745997835,0.03114119423903924
0.6169544740973313,0.2430493273542601,2,0.30274638754380195,0.0714388079391889
0.056451612903225805,0.36302895322939865,1,0.01543979255318648,0.17210272825430337
0.29692832764505117,0.23714285714285716,3,0.06672949165530855,0.05015247778013435
0.2796680497925311,0.33035714285714285,1,0.07649058105661609,0.1566138597989013
0.24093023255813953,0.3457286432160804,3,0.05414489102642502,0.07311688956503208
0.2619453924914676,0.25301204819277107,3,0.058867683730401514,0.05350859510581904
0.4985507246376812,0.1597222222222222,2,0.24464435744993265,0.046946705350566297
0.4232488822652757,0.31486880466472306,2,0.20769291012151594,0.0925485057183429
0.3724340175953079,0.5652173913043478,1,0.10186252749374977,0.26795508797555845
0.14221218961625282,0.12734082397003746,3,0.031959723060256365,0.026930846332909104
0.2532894736842105,0.16279069767441862,3,0.056922416108417126,0.03442801080451923
0.3306188925081433,0.40821917808219177,1,0.09042588602810844,0.19352625637349608
0.12520593080724876,0.43626062322946174,1,0.03424443516621073,0.2068199872759704
0.11241217798594848,0.47395171537484115,1,0.030745281122972878,0.22468836865822658
0.5366726296958855,0.24175824175824176,2,0.2633511981119527,0.07105932276664789
0.35523613963039014,0.7153558052434457,1,0.09715882365824476,0.3391318644415524
0.08974358974358974,0.3073286052009456,2,0.044038172573165425,0.09033223601219048
0.2976190476190476,0.23846153846153847,3,0.06688471898948209,0.050431360881784765
0.12020460358056266,0.17467248908296942,3,0.02701389980260617,0.036940847525747396
0.12051282051282051,0.35664335664335667,3,0.027083166212356444,0.07542520249181886
0.25892857142857145,0.24074074074074073,3,0.05818970552084943,0.05091338105747685
0.3237410071942446,0.33752860411899316,1,0.08854475071611569,0.16001366589633556
0.4021978021978022,0.42289719626168226,1,0.1100030683255597,0.20048472883577464
0.41657696447793324,0.1814516129032258,3,0.09361844757416939,0.038374539692825296
0.31968295904887717,0.39838709677419354,1,0.08743485467749008,0.18886511846019202
0.16883116883116883,0.33209417596034696,3,0.03794187695403348,0.07023338582249596
0.47440699126092384,0.4745341614906832,1,0.12975263511791457,0.22496449144321615
0.12887438825448613,0.4098360655737705,1,0.03524777624120596,0.1942927813189737
0.48500881834215165,0.526706231454006,2,0.2379991941784828,0.15481328715784734
0.19194312796208532,0.08753315649867374,3,0.0431358889103731,0.018512067954381504
0.27706422018348625,0.2357563850687623,1,0.07577842090848327,0.11176606359566896
0.236983842010772,0.19876416065911431,3,0.05325800819787271,0.042035907263013844
0.6544622425629291,0.1465149359886202,2,0.3211518645839079,0.04306472470527549
0.3825242718446602,0.4302788844621514,1,0.10462226143945613,0.2039841981401432
0.4611032531824611,0.6233108108108109,2,0.22626846882005464,0.18320800055138742
0.2315151515151515,0.4665127020785219,1,0.063320527589553,0.2211617229942165
0.0888529886914378,0.22747252747252747,3,0.019968168124808224,0.048107335034697905
0.5251989389920424,0.3896236012207528,2,0.25772093111783506,0.11452097366068524
0.5158924205378973,0.31094049904030713,2,0.253154119528172,0.09139386985045571
0.16563146997929606,0.2747747747747748,3,0.037222800133276994,0.05811111476206818
0.4328767123287671,0.6576819407008087,2,0.21241739287346015,0.1933106104766785
0.21794871794871795,0.596875,3,0.04898019421383612,0.126230916400677
0.16933638443935928,0.12928759894459102,3,0.038055415399416086,0.02734256267060762
0.5828025477707006,0.2692307692307692,2,0.2859876593764164,0.07913424580831242
0.09418837675350701,0.4448818897637795,1,0.025760982250206357,0.2109071089183757
0.16963226571767498,0.4095744680851064,1,0.04639525530471152,0.19416876465004668
0.26256983240223464,0.44155844155844154,1,0.0718141348762736,0.2093315472496371
0.6017191977077364,0.3105590062111801,2,0.29527026882867363,0.09128173873185993
0.5263975155279503,0.2795138888888889,2,0.2583090858872316,0.08215673436349102
0.25932504440497334,0.6556291390728477,1,0.07092666947041056,0.3108169818239158
0.4396887159533074,0.3339115351257589,2,0.2157601184323958,0.09814568213867023
0.45755968169761274,0.4518147684605757,1,0.12514481345686201,0.21419380913267183
0.3760593220338983,0.5663716814159292,1,0.10285406600957459,0.2685023073519551
0.1368584758942457,0.23125996810207336,3,0.03075656875709186,0.04890832703717872
0.35747126436781607,0.1218274111675127,3,0.08033546661522897,0.025764834771764937
0.48291233283803864,0.2825112107623318,2,0.23697042554229325,0.08303772878540407
0.1424581005586592,0.17520661157024794,3,0.03201498727943478,0.03705380714214845
0.5954825462012321,0.5775510204081633,2,0.2922098749207985,0.16975795354447898
0.3566698202459792,0.4074074074074074,1,0.0975509423268498,0.1931414166889353
0.07152682255845942,0.455470737913486,1,0.01956293621201541,0.2159270106078243
0.42213642213642216,0.22142857142857142,3,0.09486783925859515,0.046829120818800134
0.13810316139767054,0.25440806045340053,3,0.031036290235918078,0.05380383264628537
0.3612403100775194,0.31868131868131866,2,0.17726461757357884,0.09366910728330859
0.35714285714285715,0.05909090909090909,3,0.08026166278737852,0.012496920805017046
0.0584144645340751,0.5488888888888889,1,0.015976642085633853,0.2602141632118201
0.1859799713876967,0.19393939393939394,3,0.04179577289643173,0.04101553494979954
0.4945226917057903,0.2748091603053435,2,0.24266775711678545,0.08077388667020767
0.32789115646258504,0.3,2,0.16089981885915716,0.0881781596149767
0.28377065111758987,0.6828793774319066,1,0.07761266260804887,0.32373562185373894
0.3162251655629139,0.30792377131394183,2,0.1551751880309883,0.09050717152055449
0.4098360655737705,0.281055900621118,2,0.20111109254724258,0.08260997355233325
0.49857954545454547,0.37319189971070393,2,0.24465850014369378,0.10969124966568944
0.30724876441515653,0.4723076923076923,1,0.08403404155918819,0.22390897943141047
0.11876075731497418,0.12030075187969924,3,0.02668942039676683,0.02544196716810873
0.39477124183006534,0.10304942166140904,2,0.1937186168316498,0.03028902783830255
0.5681114551083591,0.4516574585635359,1,0.15538126481875505,0.21411923253975515
0.4573170731707317,0.37202797202797205,2,0.22441054839113042,0.10934913966239536
0.1,0.5194274028629857,1,0.027350489665644625,0.2462472273011189
0.24907749077490776,0.5018867924528302,1,0.06812391337383808,0.23793167318352204
0.22777777777777777,0.43261608154020387,3,0.05118910493328363,0.09149239693820303
0.11019736842105263,0.3635116598079561,3,0.02476494726794771,0.07687775487311319
0.2059202059202059,0.28205128205128205,3,0.04627699476029031,0.05964999674189596
0.22928709055876687,0.19756838905775076,3,0.05152829680299523,0.041783017889114746
0.18340611353711792,0.4018264840182648,1,0.05016247012912988,0.19049564385758003
0.30568356374807987,0.27595628415300544,2,0.15000230736903086,0.08111105756933193
0.3644067796610169,0.49809160305343514,1,0.0996670386120948,0.2361324710976626
0.11971830985915492,0.25871766029246346,3,0.02690461372309308,0.054715254195194477
0.3492063492063492,0.263986013986014,2,0.17135941980850763,0.07759266959126739
0.10657596371882086,0.19927536231884058,3,0.023951099371471683,0.0421440194372091
0.48655913978494625,0.7018633540372671,2,0.23875995406603281,0.20629672953400346
0.3491189427312775,0.12046632124352331,3,0.07845842719171495,0.025476982828880904
0.379746835443038,0.6429872495446266,1,0.1038626189834606,0.3048237858026565
0.6478405315614618,0.352773826458037,2,0.3179025177208572,0.10368982259134293
0.0846286701208981,0.3972602739726027,1,0.023146355675588714,0.18833092063192572
0.4553191489361702,0.49203821656050956,1,0.12453201677548828,0.23326271561027612
0.22259136212624583,0.5046439628482973,3,0.050023547969808,0.10672531080445613
0.17083333333333334,0.29980276134122286,2,0.0838298070767756,0.08812018580852372
0.4014184397163121,0.3512064343163539,2,0.19698047039109495,0.10322912340984762
0.5162548764629389,0.5165692007797271,2,0.25333198066146023,0.1518337381284524
0.4653846153846154,0.28884826325411334,2,0.22836938062941498,0.08490036087243338
0.15782493368700265,0.47555555555555556,1,0.043165892177874136,0.2254487082078118
0.5755627009646302,0.6875,2,0.2824349864338703,0.20207494911765495
0.5590062111801242,0.7416481069042317,2,0.2743105336855557,0.21799055049582214
0.27337488869100623,0.3746031746031746,1,0.07476937067990115,0.17758977015034572
0.2657952069716776,0.21613832853025935,3,0.05973286276289434,0.04571030664659305
0.3685950413223141,0.1375,3,0.08283534255279199,0.02907937341167428
0.14264264264264265,0.48579545454545453,1,0.03901346123477837,0.23030318203843347
0.5238095238095238,0.4465691788526434,2,0.25703912971276144,0.1312588277733249
0.2817796610169492,0.2691176470588235,1,0.07706811706632913,0.12758178340374723
0.4573170731707317,0.265625,2,0.22441054839113042,0.07807441215909396
0.3506024096385542,0.418086500655308,1,0.0958914758156938,0.19820410126793755
0.38509316770186336,0.1299559471365639,3,0.08654301030986901,0.027483909191650502
0.3025210084033613,0.544392523364486,1,0.08274097713976523,0.2580825514847264
0.11709286675639301,0.3265073947667804,2,0.05745876544539523,0.09596940390405125
0.2524271844660194,0.5684931506849316,1,0.06904007100065633,0.2695080415939627
0.28363636363636363,0.3774973711882229,1,0.07757593432437383,0.17896183462057644
0.426027397260274,0.33614153327716934,2,0.20905635817609527,0.09880113924845747
0.435933147632312,0.09090909090909091,2,0.21391721949885809,0.02672065442878082
0.39405684754521964,0.2210065645514223,3,0.08855744188684916,0.04673987212379713
0.1090686274509804,0.2202486678507993,3,0.02451128231202785,0.04657958731532518
0.45910290237467016,0.15384615384615385,2,0.2252868745431591,0.04521956903332139
0.3274336283185841,0.36254107338444685,1,0.08955470067511956,0.171871436916162
0.28454172366621067,0.14266666666666666,1,0.07782355472577403,0.06763461246234354
0.3017689906347555,0.282708142726441,2,0.14808138302437965,0.08309561244595244
0.28992878942014244,0.06666666666666667,1,0.07929694358808462,0.031604959094553055
0.46577017114914426,0.10445468509984639,2,0.22855857710955815,0.030702072984221278
0.11487481590574374,0.2876190476190476,2,0.056370343348440655,0.08453906096419989
0.3696303696303696,0.14795244385733158,3,0.08306801463309105,0.031289922633433595
0.36125,0.11138310893512852,3,0.08118467190943338,0.023556007392565793
0.2518518518518518,0.34486486486486484,1,0.06888271471347535,0.1634915992080393
0.13423831070889894,0.48079470198675495,1,0.03671483529777332,0.22793245333753823
0.3225388601036269,0.3573717948717949,1,0.08821595760033045,0.16942081437705123
0.1652046783625731,0.31050656660412757,2,0.08106776379696742,0.09126632530505718
0.14670981661272922,0.5039370078740157,1,0.040125853231150685,0.2389036278013459
0.24193548387096775,0.28,3,0.05437080382370803,0.05921617858377309
0.23943661971830985,0.21916167664670658,3,0.05380922744618616,0.04634970351082324
0.2045929018789144,0.3396551724137931,3,0.045978706198030614,0.07183243338056217
0.29936305732484075,0.4258064516129032,1,0.08187726205638836,0.20186393228133884
0.3257287705956908,0.1309148264984227,3,0.07320189168795638,0.027686699089979526
0.18668012108980828,0.1592356687898089,3,0.041953119398448105,0.03367617071415666
0.35255570117955437,0.32954545454545453,2,0.17300298388506963,0.09686237230433047
0.580906148867314,0.3757396449704142,2,0.2850570754493246,0.11044010129291953
0.714859437751004,0.3178294573643411,2,0.35078943660690115,0.09341872207271434
0.20233463035019456,0.32702020202020204,3,0.04547119883985335,0.06916030958332084
0.4185430463576159,0.19488817891373802,3,0.09406029037651989,0.041216190022936534
0.3443145589798087,0.5320910973084886,1,0.09417171787108244,0.25225076047515943
0.21496815286624205,0.5557142857142857,3,0.04831036390705268,0.11752598708718229
0.17177097203728361,0.36013986013986016,3,0.03860254673608671,0.07616466526134649
0.3679727427597956,0.34782608695652173,2,0.18056829679062814,0.10223554737968313
0.4796511627906977,0.12755102040816327,2,0.23537013331255774,0.03749071412201391
0.3065068493150685,0.3002577319587629,2,0.1504063027070782,0.08825391404763562
0.524822695035461,0.2797281993204983,2,0.2575363040448944,0.08221972602830972
0.08112874779541446,0.27901234567901234,2,0.039810774298946215,0.08200931717277668
0.17391304347826086,0.28537735849056606,2,0.0853410549243951,0.08388016755827186
0.24021592442645073,0.4473684210526316,1,0.0657002315854891,0.21208590971344812
0.42298578199052134,0.37941176470588234,2,0.20756380390527496,0.11151943716011758
0.5504587155963303,0.42503639010189226,2,0.27011618301758084,0.12492975549526053
0.10642781875658588,0.49029126213592233,1,0.029108529570391013,0.2324345292633392
0.18017057569296374,0.15813953488372093,3,0.04049021197333423,0.03344435335296154
0.22093023255813954,0.2927659574468085,3,0.049650237910331824,0.06191600435506972
0.5173410404624278,0.38226744186046513,2,0.2538649733552996,0.11235879834660308
0.12026359143327842,0.19278996865203762,3,0.027027156299407197,0.0407724471887824
0.2593283582089552,0.30082644628099175,2,0.12725529505284103,0.08842107465523835
0.2735961768219833,0.3847980997624703,1,0.07482989406729533,0.1824229230398193
0.11883691529709228,0.09405940594059406,3,0.026706535582348957,0.01989228064164937
0.374,0.2056921086675291,3,0.08405001327094277,0.04350107371474736
0.5136054421768708,0.2895927601809955,2,0.25203187393913623,0.08511918876860497
0.4077490774907749,0.3470533208606174,2,0.200086984400692,0.10200841040585082
0.2646638054363376,0.35,1,0.0723868467545673,0.1659260352464035
0.2695109261186264,0.6792452830188679,1,0.07371255799585803,0.32201279077469147
0.4899328859060403,0.358659217877095,2,0.240415488620905,0.10541969920449729
0.5598377281947262,0.4284023668639053,2,0.2747185682860346,0.12591910761586417
0.4099660249150623,0.3405128205128205,2,0.20117486503412052,0.100085979460418
0.10479573712255773,0.2226190476190476,3,0.02355102432055938,0.047080890285567875
0.21746031746031746,0.4262295081967213,3,0.04887043467498159,0.09014172383946721
0.2,0.45764854614412137,1,0.05470097933128925,0.21695945370849948
0.18594594594594593,0.13278008298755187,3,0.04178812626854215,0.028081175380568146
0.33115060804490176,0.10790273556231003,3,0.07442035561725872,0.022819955924054974
0.2951219512195122,0.42790697674418604,1,0.08071729876934144,0.20285973744410796
0.1507537688442211,0.2063273727647868,3,0.033879294844923594,0.0436354234012869
0.24295774647887325,0.11735537190082644,3,0.05460053961451243,0.024819059500873014
0.6749521988527725,0.19973009446693657,3,0.15168380018937844,0.042240189080385654
0.42380261248185774,0.24753694581280788,2,0.20796463166626905,0.07275784106161871
0.3164251207729469,0.37735849056603776,1,0.08654381995650835,0.17889599487482863
0.5338345864661654,0.3761562178828366,2,0.26195853889386694,0.11056254340212907
0.5684830633284241,0.11794228356336262,2,0.2789609299038217,0.03466644501801677
0.4758842443729904,0.49550706033376124,2,0.2335216647609654,0.1456430021881943
0.20582706766917294,0.7970401691331924,3,0.046256063553778676,0.16856311783511366
0.5205047318611987,0.484375,1,0.1423605928968884,0.22962978092136202
0.6187050359712231,0.2241953385127636,3,0.13904322589353055,0.047414254296504525
0.1885245901639344,0.08282828282828283,3,0.042367631832026034,0.01751705138481022
0.6153846153846154,0.11878787878787879,2,0.3019760405017058,0.03491498845360694
0.19937205651491366,0.4221724524076148,1,0.054529233713294614,0.2001411463378472
0.34363636363636363,0.2863636363636364,2,0.16862616625288432,0.08417006145065958
0.37014314928425357,0.2272069464544139,3,0.08318325296655098,0.04805116827399407
0.42414355628058725,0.31932773109243695,2,0.20813193656112672,0.09385910547252421
0.4155299055613851,0.310760667903525,2,0.20390512283614654,0.09134101258817932
0.4876923076923077,0.34739178690344064,2,0.2393160120976018,0.10210789478167855
0.17124394184168013,0.40083073727933544,1,0.04683605661645121,0.19002358583329407
0.3781094527363184,0.3134020618556701,2,0.18554249254706798,0.09211739011324027
0.8943661971830986,0.39628040057224606,2,0.4388753898488699,0.11647758804648806
0.36830357142857145,0.28041543026706234,2,0.1807306380792854,0.08242172189530464
0.557774607703281,0.36291240045506257,2,0.27370617223077215,0.10666982524526951
0.3836978131212724,0.4852941176470588,1,0.10494323072503801,0.23006551105593767
0.3665987780040733,0.4049079754601227,1,0.10026656089238355,0.19195650002213205
0.4605568445475638,0.1841620626151013,2,0.2260003400564535,0.05413023917432579
0.6985074626865672,0.23255813953488372,3,0.15697743718892657,0.04918287257788462
0.33102493074792244,0.46878824969400246,1,0.0905369394749178,0.22224050183379107
0.41037735849056606,0.11206896551724138,2,0.20137671097136156,0.032940117097548766
0.1053484602917342,0.2838541666666667,2,0.051695655231754734,0.08343246005236511
0.16792738275340394,0.1891891891891892,3,0.0377387667084981,0.04001093147552235
0.1031636863823934,0.5408163265306123,1,0.028215773382714537,0.25638716816499674
0.2796934865900383,0.34121621621621623,1,0.07649753814528955,0.16176186833867526
0.31798245614035087,0.6548463356973995,1,0.08696975880522961,0.31044587479401403
0.29472595656670114,0.11253196930946291,3,0.06623454695380357,0.023798975682188667
0.24897959183673468,0.3719806763285024,1,0.06809713753487028,0.17634651088989747
0.32167832167832167,0.29014084507042254,2,0.1578511120804371,0.08528028582481315
0.35323383084577115,0.4503067484662577,1,0.09661118240103325,0.21347889547915896
0.19126819126819128,0.296875,2,0.09385741799377341,0.08725963711898736
0.38461538461538464,0.14631463146314633,3,0.0864356368479461,0.030943547664787914
0.49140893470790376,0.5092989985693849,2,0.24113980210166278,0.14969682795866338
0.10224719101123596,0.14022140221402213,3,0.022978282784521402,0.0296549128384736
0.1943127962085308,0.10492505353319058,3,0.04366843074877277,0.022190216814047727
0.20221169036334913,0.4930817610062893,1,0.05530588747555311,0.23375743330310939
0.2126984126984127,0.19117647058823528,3,0.04780027917114987,0.04043121436917279
0.13320079522862824,0.30414746543778803,2,0.06536310419408194,0.08939721251287962
0.10136452241715399,0.36451612903225805,1,0.027723693228333728,0.1728077602105401
0.4655612244897959,0.6689419795221843,2,0.2284560446716508,0.19662024214488547
0.4616977225672878,0.13157894736842105,2,0.2265601815254775,0.0386746314100775
0.3310344827586207,0.07345360824742268,3,0.07439425847326671,0.01553443565572103
0.13636363636363635,0.2144082332761578,3,0.030645362155180884,0.0453444151125437
0.1709741550695825,0.5950413223140496,1,0.04676226861322937,0.2820938497695645
0.3389261744966443,0.3597285067873303,1,0.09269796832986936,0.17053807113237338
0.41598119858989424,0.3619718309859155,2,0.20412657731916126,0.10639336629600477
0.34702549575070823,0.15053763440860216,3,0.07798796129198536,0.03183665515256617
0.4531615925058548,0.29908256880733947,2,0.22237140804509392,0.08790850163450277
0.39868565169769987,0.29739776951672864,2,0.19563946106983454,0.08741329329861383
0.40683229813664595,0.22091310751104565,3,0.0914285028273616,0.04672010723525122
0.4543478260869565,0.3471444568868981,2,0.2229535059899822,0.10203519776275767
0.12860892388451445,0.1635036496350365,3,0.028902625024746283,0.034578790413882086
0.1132286995515695,0.18654434250764526,3,0.02544618636353211,0.03945158249901876
0.1346578366445916,0.16279069767441862,3,0.030262013254049116,0.03442801080451923
0.4414535666218035,0.42463958060288337,2,0.21662615018493833,0.12481312239079272
0.4913494809688581,0.2675250357653791,2,0.241110627494009,0.07863288434907317
0.12892561983471074,0.5605381165919282,1,0.035261788329260836,0.2657367636873855
0.39148936170212767,0.06619718309859154,2,0.19210816193619154,0.019457152591098145
0.1375515818431912,0.553314121037464,1,0.03762103117695271,0.2623120524274144
0.29088277858176553,0.27240566037735847,1,0.07955786429514572,0.1291405463002669
0.28534031413612565,0.3166023166023166,1,0.07804197312971894,0.15009304898185427
0.250996015936255,0.1961451247165533,3,0.056407001257743304,0.04148201690554237
0.3252032520325203,0.352219074598678,1,0.08894468183949471,0.16697804167518823
0.40033500837520936,0.3099906629318394,2,0.19644881864296476,0.09111468718385393
0.17748344370860927,0.39744952178533477,1,0.04854259092975337,0.18842063817262766
0.15046604527296936,0.18244406196213425,3,0.033814633962618586,0.03858442912392394
0.3087885985748218,0.49466666666666664,1,0.0844551937418955,0.23450879648158365
0.45018007202881155,0.36167664670658684,2,0.22090834295405395,0.1063066036076765
0.14336917562724014,0.36743515850144093,3,0.032219735599234384,0.07770752129920819
0.08108108108108109,0.402555910543131,1,0.02217607270187402,0.19084144628979322
0.3885350318471338,0.4133949191685912,1,0.10626623373275937,0.19597994265329088
0.21762349799732977,0.13870246085011187,3,0.048907106670439994,0.02933367747038935
0.11594202898550725,0.19817073170731708,3,0.026055960093293896,0.04191040513877668
0.5202614379084968,0.2669432918395574,2,0.25529804469866435,0.078461893986586
0.46497584541062803,0.35,2,0.22816879267980636,0.10287451955080615
0.19185059422750425,0.19305856832971802,3,0.043115093558449176,0.04082925235478621
0.4659400544959128,0.1244309559939302,2,0.2286419407477152,0.036573642328923066
0.36363636363636365,0.4184476940382452,1,0.09945632605688955,0.19837533379933187
0.5076219512195121,0.47619047619047616,1,0.13883708930883626,0.22574970781823608
0.1377245508982036,0.357396449704142,3,0.030951204092857343,0.07558447139602481
0.36792452830188677,0.19506726457399104,3,0.08268465638095975,0.04125406419593416
0.39185393258426965,0.40703517587939697,1,0.10717396933588272,0.19296495125568824
0.2191780821917808,0.33728813559322035,3,0.04925647250513092,0.0713318373981286
0.14802631578947367,0.4302554027504912,1,0.04048592220243447,0.20397306606209584
0.17202970297029702,0.24262295081967214,3,0.03866069202580163,0.0513114428009275
0.26642771804062126,0.3620689655172414,1,0.07286928548911291,0.1716476226686933
0.37037037037037035,0.42424242424242425,1,0.10129810987275786,0.20112246696533762
0.5384615384615384,0.31444759206798867,2,0.2642290354389925,0.09242469987972063
0.1881578947368421,0.21862745098039216,3,0.042285223394824156,0.04623672207346427
0.38095238095238093,0.3126177024482109,2,0.1869375488820083,0.09188684554981878
0.22403560830860533,0.321206743566992,3,0.050348117250005396,0.0679308424620543
0.13953488372093023,0.3718647764449291,3,0.03135804499599905,0.07864432503920633
0.33374384236453203,0.51953125,1,0.09128057511563661,0.24629645856888024
0.3110367892976589,0.42078364565587734,1,0.08507008491320903,0.19948274862916365
0.20676691729323307,0.20677966101694914,3,0.04646727845585072,0.04373107619382757
0.17709720372836218,0.40875912408759124,1,0.0484369524038713,0.19378223094470484
0.2318137730358875,0.25211097708082025,3,0.05209612486645364,0.05331803086338348
0.23948811700182815,0.29066265060240964,2,0.11751946914405961,0.08543365866310494
0.105,0.17519379844961241,3,0.02359692885948928,0.037051097342006414
0.33779761904761907,0.41849148418491483,1,0.09238930288841264,0.19839609358624544
0.3993993993993994,0.3310502283105023,2,0.19598970496525872,0.09730466624179317
0.26937738246505716,0.29446640316205536,2,0.13218646245595633,0.08655168499757265
0.3051948051948052,0.5506072874493927,1,0.08347227365488943,0.26102881195501304
0.5648967551622419,0.15547703180212014,2,0.2772010888012524,0.0456989284223672
0.2786885245901639,0.1462925851703407,1,0.07622267611737026,0.06935356755217555
0.37938144329896906,0.23208191126279865,3,0.08525939931558228,0.04908215679786165
0.3617021276595745,0.20463709677419356,3,0.08128627975913229,0.04327795309801964
0.37450980392156863,0.4061470911086718,1,0.10243026521839457,0.19254393301291928
0.4422360248447205,0.21834862385321102,3,0.09938487635584957,0.04617775394147442
0.13875598086124402,0.554954954954955,1,0.037950440205918375,0.26308992976006323
0.129064039408867,0.37295528898582336,1,0.03529964676058567,0.1768085497874124
0.22693726937269373,0.11510791366906475,3,0.051000215247182956,0.024343752757974544
0.1393103448275862,0.22070844686648503,3,0.031307583774166405,0.046676824302117746
0.3021276595744681,0.38926829268292684,1,0.08263339430896886,0.18454212700575612
0.36363636363636365,0.3243523316062176,2,0.17844038756918976,0.09533597222620971
0.7765486725663717,0.21069182389937108,3,0.17451584554742391,0.04455844525059295
0.35119726339794755,0.18757327080890973,3,0.07892549371474941,0.0396691867920101
0.19309462915601022,0.24438573315719947,3,0.04339466883184608,0.05168424720701085
0.5742128935532234,0.15099009900990099,2,0.2817726210003735,0.04438009683592062
0.5013736263736264,0.7434343434343434,2,0.24602958656947008,0.21851557399536314
0.12339331619537275,0.4326241134751773,1,0.033748676194111614,0.20509601114550385
0.2462686567164179,0.30452261306532663,3,0.05534460926532667,0.06440237656454861
0.25255102040816324,0.4538690476190476,1,0.06907394073721473,0.21516769026425628
0.6687116564417178,0.2647058823529412,2,0.32814420965561125,0.07780425848380297
0.24285714285714285,0.3195739014647137,3,0.05457793069541739,0.06758551864231281
0.29739776951672864,0.1560798548094374,3,0.06683499057387654,0.03300875912758935
0.42998897464167585,0.30180180180180183,2,0.21100034803523265,0.08870775817122281
0.422360248447205,0.3640625,2,0.20725684767353098,0.1070078707827582
0.3277545327754533,0.21987951807228914,3,0.07365714660264305,0.04650151717529512
0.32142857142857145,0.18533604887983707,3,0.07223549650864067,0.039196044887426174
0.3629283489096573,0.4135702746365105,1,0.09926268056223048,0.1960630741891498
0.2418426103646833,0.2579415501905972,3,0.05434993211398683,0.05455111750093454
0.48079658605974396,0.41830065359477125,2,0.23593220518572103,0.1229499393324294
0.3940972222222222,0.3188405797101449,2,0.1933878679515047,0.0937159184313762
0.23067173637515842,0.4007989347536618,3,0.051839471934661714,0.08476350463056732
0.3875,0.3505639097744361,2,0.19015053800341786,0.10304026797113505
0.4360730593607306,0.2806603773584906,2,0.21398587573223044,0.08249371850772193
0.35476956055734193,0.1722560975609756,3,0.07972830554270355,0.036429813697552035
0.2815126050420168,0.3284457478005865,1,0.07699507594950376,0.15570771636026137
0.22015503875968992,0.34460338101430427,3,0.04947602654924294,0.07287891196683942
0.5569852941176471,0.14285714285714285,2,0.27331884731990325,0.04198959981665557
0.19938650306748465,0.16445623342175067,3,0.044808658365959785,0.03478024888398949
0.1629032258064516,0.47547683923705725,1,0.044554829939195274,0.2254113908174186
0.11571254567600488,0.382010582010582,1,0.031647947846970025,0.18110143227196274
0.30726256983240224,0.3268892794376098,1,0.08403781740840527,0.15496983457610372
0.3790523690773067,0.3793939393939394,2,0.18600519202972898,0.11151419781611195
0.15447154471544716,0.08576998050682261,3,0.03471480049015071,0.018139180295781227
0.26881720430107525,0.37992831541218636,1,0.07352282168184038,0.180114283011969
0.25968109339407747,0.5542857142857143,1,0.07102405061238012,0.2627726599004268
0.3294663573085847,0.3389830508474576,2,0.1616727873451708,0.09963633854799626
0.2510548523206751,0.6525198938992043,1,0.06866473143906561,0.3093429683259967
0.44981412639405205,0.4952076677316294,1,0.12302636615401484,0.2347652712295075
0.4762532981530343,0.42597402597402595,2,0.2337027635347139,0.12520535218057297
0.2893815635939323,0.46337579617834396,1,0.07914727464503928,0.21967459625433772
0.25690276110444177,0.5564516129032258,1,0.07026416312662603,0.2637994569585678
0.14990512333965844,0.05312084993359894,3,0.03368857648684654,0.011234334772106447
0.4388609715242881,0.13232104121475055,2,0.2153539350814091,0.03889275297551395
0.2674271229404309,0.3412698412698413,1,0.0731426276229533,0.1617872906030692
0.19961427193828352,0.4720194647201946,1,0.054595480817631985,0.2237723381147187
0.3611898016997167,0.2841068917018284,2,0.17723983255367468,0.08350674281399575
0.06647807637906648,0.1180931744312026,3,0.014939794657452635,0.024975094666581276
0.09385474860335195,0.4539800995024876,1,0.025669733317476517,0.21522033711775868
0.34980237154150196,0.4054982817869416,1,0.0956726614786383,0.19223634913181753
0.606425702811245,0.4883720930232558,1,0.16586039917720233,0.23152470034381886
0.48333333333333334,0.367595818815331,2,0.23717701514404807,0.10804640928432103
0.2152917505030181,0.483271375464684,1,0.05888334797231337,0.22910658079694593
0.3793103448275862,0.18776077885952713,3,0.08524342116728477,0.03970884218562173
0.3380726698262243,0.16792452830188678,3,0.07597596894501928,0.03551374591614423
0.14238952536824878,0.10756972111553785,3,0.031999576194771534,0.022749527913515553
0.08797127468581688,0.15813424345847554,3,0.01977001819466487,0.03344323428873906
0.1592920353982301,0.5128205128205128,1,0.04356715167978789,0.2431150699581004
0.2881944444444444,0.4894366197183099,1,0.0788225917447397,0.23202936518360254
0.28877551020408165,0.1655306718597858,3,0.06489728733950892,0.035007477949789347
0.23809523809523808,0.4152671755725191,1,0.06512021348963005,0.1968675314592007
0.30474732006125577,0.2955010224948875,2,0.14954288223160658,0.08685578775981004
0.3293577981651376,0.5733113673805601,1,0.09008097055015063,0.2717922347175732
0.37014314928425357,0.1534526854219949,3,0.08318325296655098,0.032453148657530004
0.40625,0.36187845303867405,2,0.1993513704874542,0.10636591997755017
0.21957040572792363,0.48155737704918034,1,0.06005358112742972,0.2282940180497941
0.1514762516046213,0.38461538461538464,1,0.041429496541027795,0.18233630246857532
0.32139201637666326,0.15181518151815182,3,0.07222728139474226,0.032106838930381444
0.30071942446043165,0.2233285917496444,3,0.06758147491104159,0.04723094918539105
0.13991769547325103,0.5404255319148936,1,0.03826817484081964,0.2562019024473343
0.3791907514450867,0.3261494252873563,2,0.18607309778891232,0.09586418693773807
0.47715736040609136,0.3575197889182058,2,0.2341463968864749,0.10508479004247444
0.14326647564469913,0.25212121212121213,3,0.03219665555940685,0.0533201954347394
0.40632911392405063,0.5414364640883977,1,0.11113300231230283,0.25668115949719883
0.45714285714285713,0.4013266998341625,2,0.22432505865841,0.11796083265242877
0.1261744966442953,0.2666068222621185,3,0.028355529725688625,0.05638370428116378
0.44123711340206184,0.20689655172413793,3,0.09916038833442722,0.04375579698308355
0.4601139601139601,0.4869684499314129,1,0.12584342111115687,0.23085926910630317
0.29127358490566035,0.2333965844402277,3,0.06545868630159313,0.04936019223233999
0.1431451612903226,0.42592592592592593,1,0.039150902545580006,0.20192057199297783
0.25,0.3894080996884735,1,0.06837622416411156,0.18460840592612765
0.6196868008948546,0.2791946308724832,2,0.30408717053877027,0.08206289574906109
0.5006729475100942,0.2907431551499348,2,0.24568575569755197,0.08545732113924297
0.35294117647058826,0.3981373690337602,1,0.09653113999639279,0.18874672893487446
0.09026548672566372,0.17597471022128555,3,0.020285602559358677,0.037216249523897724
0.37517241379310345,0.34652406417112297,2,0.184101255036902,0.1018528474697057
0.22670025188916876,0.3756906077348066,3,0.05094694967863825,0.0794534361423948
0.47831632653061223,0.17938144329896907,2,0.2347151143886823,0.05272508513060463
0.3746397694524496,0.42009685230024213,1,0.10246581142748706,0.19915715749049473
0.489247311827957,0.1251360174102285,2,0.24007906983435343,0.03678087905593878
0.13506493506493505,0.7286135693215339,1,0.03694092110684468,0.3454170308121506
0.2374821173104435,0.053315994798439535,3,0.05336998692928975,0.011275605247699686
0.16267942583732056,0.43010752688172044,1,0.04449361955176637,0.2039029619003423
0.26744186046511625,0.2971086739780658,2,0.13123668039245642,0.0873283202567732
0.2274562584118439,0.40253164556962023,3,0.051116849032284674,0.08512994932025243
0.1339712918660287,0.1632183908045977,3,0.030107724222633855,0.034518462064432584
0.1483739837398374,0.22990353697749197,3,0.03334447941817108,0.04862146036678658
0.364,0.22479338842975208,3,0.08180268671289619,0.0475407336918131
0.4547537227949599,0.2724679029957204,2,0.22315268399617746,0.0800857274677154
0.5130434782608696,0.34589502018842533,2,0.2517561120269656,0.10166795433400186
0.4150717703349282,0.3896595208070618,2,0.20368031081088436,0.1145315314040681
0.3289646133682831,0.5108055009823183,1,0.08997343258292005,0.24215980445728272
0.3723932472691162,0.1947069943289225,3,0.08368892346250988,0.04117787195603988
0.42449664429530204,0.5134168157423972,1,0.11610191082899479,0.24339776189991216
0.06793802145411204,0.09724770642201835,3,0.015267891991496557,0.02056656267981634
0.4060721062618596,0.28622754491017965,2,0.19926407606160945,0.08413006047097578
0.27844311377245506,0.27912087912087913,1,0.07615555505703442,0.1323240595057661
0.40512820512820513,0.3901477832512315,2,0.19880089333028964,0.11467504501652143
0.33694181326116374,0.3828947368421053,1,0.09215523581523019,0.1815205874312159
0.5723076923076923,0.35207823960880197,2,0.28083771766658633,0.10348537069728318
0.4467153284671533,0.513262599469496,1,0.12217882974725919,0.24332465191496086
0.22777777777777777,0.22846441947565543,3,0.05118910493328363,0.04831710665610163
0.5112936344969199,0.3127376425855513,2,0.2508974443285476,0.09192209921840093
0.5,0.2385834109972041,2,0.24535553290763593,0.07012615365465684
0.4425287356321839,0.14548022598870056,2,0.21715374751595365,0.042760595293515065
0.1638830897703549,0.27151730257320317,3,0.03682988200556534,0.05742220384913981
0.35130970724191063,0.7728459530026109,1,0.09608492517360515,0.36638647096557586
0.39974779319041615,0.7040618955512572,1,0.10933297886518721,0.33377771113396454
0.39500734214390604,0.49391727493917276,1,0.10803644229160651,0.23415352905818504
0.09607843137254903,0.4659090909090909,1,0.02627792144346248,0.22087556639943326
0.25287356321839083,0.25654450261780104,3,0.05682894744485652,0.05425566100607481
0.09425287356321839,0.3293943870014771,2,0.04625092804235895,0.09681796944431219
0.11175616835994194,0.36904761904761907,1,0.030565859278006327,0.17495602355913298
0.4344660194174757,0.4007707129094412,2,0.2131972834488681,0.11779741297312238
0.36930455635491605,0.25072886297376096,2,0.18122183245935697,0.07369603233127306
0.42912873862158646,0.3075356415478615,2,0.2105782207009619,0.09039308962567198
0.17994505494505494,0.3591635916359164,3,0.040439530096717635,0.07595819779679204
0.5300751879699248,0.4956896551724138,1,0.1449781595058606,0.2349937691297587
0.3432258064516129,0.4590395480225989,1,0.0938739387233738,0.21761889207054538
0.20035938903863432,0.3391038696537678,3,0.045027297614051345,0.07171584037095008
0.212406015037594,0.4731404958677686,1,0.05809408519206471,0.2243037902681606
0.44874274661508706,0.2668918918918919,2,0.22020303146836184,0.07844678614395449
0.2710951526032316,0.0967741935483871,1,0.07414585169681037,0.04587816642757701
0.11632653061224489,0.2620545073375262,3,0.026142370165031858,0.05542095180422009
0.41523605150214593,0.34521880064829824,2,0.20376092539754315,0.10146919501885489
0.3663883089770355,0.19691577698695137,3,0.08233941773218748,0.04164499934293481
0.6805555555555556,0.2276843467011643,3,0.15294305742261574,0.048152131910663754
0.3567508232711306,0.39199157007376184,1,0.09757309705087269,0.18583316306386305
0.24913892078071181,0.336,3,0.055989651331356124,0.0710594143005277
0.227,0.18691588785046728,3,0.051014312867657785,0.03953015926820633
0.37900128040973113,0.34527089072543615,2,0.18598012225521188,0.10148450570930896
0.192,0.11533420707732635,3,0.04314866991449469,0.02439161072538865
0.46919431279620855,0.45639187574671447,1,0.1283269420331193,0.21636369846091877
0.07573632538569425,0.12030075187969924,3,0.017020425544812947,0.02544196716810873
0.4419889502762431,0.2379110251450677,2,0.21688886886862843,0.06992852116468172
0.05873715124816446,0.38729508196721313,1,0.016064898482023273,0.18360667834643013
0.1171875,0.384446878422782,1,0.032051355076927295,0.18225641799870956
0.26370757180156656,0.07464607464607464,1,0.07212531217310984,0.03538779203637214
0.3317422434367542,0.16142857142857142,3,0.07455331541013775,0.034139939693705906
0.21810089020771514,0.11185983827493262,3,0.049014392289740354,0.023656829141572803
0.4838274932614555,0.46494464944649444,2,0.2374195048890601,0.1366598783700746
0.08531317494600432,0.5362517099863201,1,0.02333357109704023,0.2542232003775266
0.35758323057953145,0.3723076923076923,1,0.09780076452573293,0.17650154078958089
0.40716612377850164,0.43373493975903615,1,0.11136192860604488,0.20562262543444157
0.32038834951456313,0.2956120092378753,2,0.1572181084650871,0.08688840978227111
0.1865203761755486,0.2581967213114754,3,0.04191721949961524,0.054605082710446486
0.2692307692307692,0.42748091603053434,1,0.07363593371519705,0.2026577529727066
0.1743827160493827,0.22641509433962265,3,0.039189490904207654,0.047883702358846154
0.3624868282402529,0.38256658595641646,1,0.09914192249717335,0.18136501950143036
0.24341279799247176,0.36555891238670696,3,0.05470280454969135,0.07731072085278963
0.22727272727272727,0.30952380952380953,3,0.051075603591968145,0.0654600613596131
0.2556818181818182,0.3786008230452675,1,0.06993022925875045,0.17948495288264696
0.2186897880539499,0.15394736842105264,3,0.049146736866722336,0.032557767360439145
0.21875,0.4323308270676692,3,0.04916026845726934,0.09143206951039076
0.1804733727810651,0.1315136476426799,3,0.040558260367113165,0.027813341589329785
0.22125435540069685,0.26591230551626593,3,0.04972307889754669,0.05623682346812154
0.14682539682539683,0.41308089500860584,1,0.04015746498527187,0.1958310718423253
0.25894378194207834,0.11519198664440734,3,0.058193123819945985,0.024361533044838672
0.39879518072289155,0.24251497005988024,2,0.19569320817452407,0.07128174579653805
0.5224913494809689,0.2894736842105263,2,0.25639228698306593,0.08508418910217051
0.1759656652360515,0.23550724637681159,3,0.03954523127893156,0.04980656842579257
0.20912547528517111,0.12111801242236025,3,0.04699732345724826,0.02561480661897904
0.5082417582417582,0.6676056338028169,2,0.2493998548786409,0.19622745379107492
0.43521594684385384,0.3346534653465347,2,0.2135652811355502,0.09836375561010603
0.3619631901840491,0.35730337078651686,2,0.17761934284111067,0.10502117886727563
0.2954070981210856,0.2170138888888889,3,0.06638762170429931,0.04589547571286976
0.3886966551326413,0.18789808917197454,3,0.08735283161034645,0.03973788144270487
0.6641366223908919,0.362453531598513,2,0.3258991898203893,0.10653495120768561
0.3453159041394335,0.11043872919818457,3,0.07760376022884223,0.02335628396701661
0.34678624813153963,0.2815533980582524,2,0.17017184943070715,0.08275620158039884
0.3253968253968254,0.388180764774044,1,0.08899762510249441,0.18402655787963973
0.14093959731543623,0.1923743500866551,3,0.031673730012737294,0.04068454953453089
0.3319039451114923,0.4,1,0.0907773542075855,0.18962975456731834
0.4844804318488529,0.6051401869158879,2,0.2377399090791938,0.17786715997101998
0.4806201550387597,0.3351724137931035,2,0.23584562853137098,0.09851628867328432
0.5445402298850575,0.40098199672667756,2,0.2672119165861897,0.1178595150336568
0.2251655629139073,0.4146620847651776,3,0.05060205494939361,0.0876953716549086
0.17303822937625754,0.6028708133971292,1,0.047326803043167755,0.2858056109507429
0.09016393442622951,0.16411824668705402,3,0.02026278044140376,0.03470876930241541
0.5343137254901961,0.2224824355971897,2,0.2621936577150227,0.06539363905872589
0.41919191919191917,0.26791277258566976,2,0.20570211344781597,0.07874685074650048
0.45800316957210774,0.3970893970893971,2,0.22474722348750167,0.11671537412654574
0.11385199240986717,0.3157199471598415,2,0.05586843254063816,0.09279867964764171
0.08853118712273642,0.11840228245363767,3,0.019895848803631856,0.02504046679464625
0.1375,0.5533199195171026,1,0.03760692329026136,0.2623148013380912
0.583044982698962,0.28732394366197184,2,0.2861066248784544,0.08445232188476642
0.3201754385964912,0.34210526315789475,1,0.08756955024526568,0.16218334272204857
0.5216178521617852,0.12,2,0.25596365218258255,0.03527126384599068
0.14084507042253522,0.1819484240687679,3,0.03165248673305068,0.03847960847390084
0.23961661341853036,0.3873325213154689,3,0.053849677908464816,0.08191554197685678
0.15985130111524162,0.2886710239651416,2,0.07844080234221817,0.0848482654247234
0.07518796992481203,0.1559202813599062,3,0.016897192165763898,0.0329750115208584
0.13691931540342298,0.342685370741483,3,0.030770241381567115,0.07247327897097908
0.6365740740740741,0.3553530751708428,2,0.3123739423592587,0.10444793394029131
0.25231053604436227,0.2140391254315305,3,0.056702416852746886,0.045266353840957556
0.41496598639455784,0.22808988764044943,3,0.09325640819104933,0.04823789828453425
0.719626168224299,0.17530864197530865,3,0.16172349997157764,0.03707538518031648
0.13725490196078433,0.26881720430107525,3,0.030845658639855274,0.05685116991529673
0.24951267056530213,0.17534246575342466,3,0.05607364511305352,0.03708253844776396
0.17148760330578514,0.388646288209607,1,0.04690269922001041,0.1842472506167176
0.3989189189189189,0.17942583732057416,3,0.0896501080993724,0.03794611580470763
0.3147502903600465,0.08319738988580751,3,0.07073466866790107,0.017595112489934905
0.41748768472906406,0.37110481586402266,2,0.2048658267381492,0.10907779895714777
0.32576985413290116,0.6123456790123457,1,0.08909965028840469,0.2902974020536725
0.35571260306242636,0.5242290748898678,1,0.0972891387399844,0.2485235770210449
0.32778355879292403,0.6101426307448494,1,0.08965040837334086,0.2892529932980093
0.25422222222222224,0.27549194991055453,3,0.05713203516456242,0.05826278751534023
0.6075471698113207,0.4226415094339623,2,0.29813011923116517,0.12422583492927536
0.37083333333333335,0.07554417413572344,3,0.08333835986089469,0.015976561809230894
0.1172106824925816,0.47433903576982894,1,0.03205769560216506,0.22487198733682773
0.14690265486725665,0.16689098250336473,3,0.03301382377307393,0.03529516508550212
0.3271441202475685,0.36533333333333334,1,0.08947551880007525,0.17319517583815075
0.32413793103448274,0.7217898832684825,1,0.0886533113300205,0.3421820960334392
0.7658536585365854,0.6935483870967742,1,0.20946472573201005,0.32879352606430196
0.4722689075630252,0.3026151930261519,2,0.2317475789816662,0.0889468359752567
0.10786516853932585,0.593939393939394,1,0.02950165177417847,0.2815714537514727
0.1766848816029144,0.24050632911392406,3,0.03970686268315484,0.05086380619763511
0.27578947368421053,0.3054945054945055,1,0.07542977149893569,0.1448271202464684
0.32432432432432434,0.5036319612590799,1,0.08870429080749608,0.23875901301454125
0.1963927855711423,0.2388943731490622,3,0.04413587228227789,0.05052289951090497
0.09191583610188261,0.34974093264248707,3,0.020656489957681913,0.07396543401933166
0.5858085808580858,0.2700106723585913,2,0.2874627530766032,0.07936348054994347
0.1431980906921241,0.2634457611668186,3,0.03218128722739759,0.05571518300140129
0.17267267267267267,0.16552667578659372,3,0.03880518831461844,0.03500663283484729
0.5101088646967341,0.3170498084291188,2,0.25031606467715267,0.09318956204520207
0.3087248322147651,0.1968586387434555,3,0.06938055145647216,0.04163291538425332
0.25573770491803277,0.0794979079497908,3,0.057472613615617923,0.016812722550682734
0.5311909262759924,0.5151515151515151,2,0.2606612655842937,0.15141704176309131
0.3227931488801054,0.06913183279742766,3,0.07254216162337505,0.01462043913127149
0.44374209860935526,0.34922089825847846,2,0.21774915815570217,0.10264552035840552
0.13613861386138615,0.7899686520376176,1,0.03723457751511026,0.3745039040044218
0.14922279792746113,0.4278668310727497,1,0.040813165925936014,0.20284070540955443
0.386892177589852,0.22251308900523561,3,0.08694730657981554,0.04705848148486081
0.15535714285714286,0.4660347551342812,1,0.04249093930198361,0.2209351405898851
0.3089064261555806,0.4898785425101215,1,0.08448742016219421,0.23223886945997488
0.20880913539967375,0.3702770780856423,3,0.04692623155464349,0.07830854850498958
0.2572178477690289,0.4321705426356589,1,0.07035034087226176,0.20488098482806194
0.3333333333333333,0.3773946360153257,1,0.09116829888548207,0.1789131305065216
0.2073490813648294,0.18739054290718038,3,0.046598109733774616,0.03963054233464923
0.30685920577617326,0.13389830508474576,3,0.06896128427218803,0.028317664092724414
0.21643286573146292,0.3824,3,0.04863953271924502,0.08087238103726724
0.33752620545073375,0.3333333333333333,2,0.16562784401731398,0.09797573290552966
0.3028720626631854,0.1964549483013294,3,0.06806524301133302,0.04154754036527653
0.11772486772486772,0.1376912378303199,3,0.026456622178061804,0.029119817602789266
0.3719958202716823,0.24580335731414868,3,0.08359960863788808,0.05198405536859147
0.21929824561403508,0.10560344827586207,3,0.0492834771501447,0.022333688043448898
0.18681318681318682,0.410337552742616,1,0.05109432135340204,0.19453052354084077
0.4479638009049774,0.22717622080679406,2,0.2198207941887417,0.06677327019676225
0.3660377358490566,0.33689839572192515,2,0.17961876748709948,0.09902360170665833
0.14130434782608695,0.40723270440251574,1,0.038647431049280444,0.19305859446908588
0.2017353579175705,0.5496688741721855,1,0.05517560821919631,0.26058393425641424
0.27105666156202146,0.2979452054794521,1,0.074135324208562,0.1412481904739443
0.14736842105263157,0.27848101265822783,3,0.03311849664489724,0.058894933491998536
0.7025862068965517,0.06455862977602109,2,0.344766826413316,0.01897553720304725
0.3579136690647482,0.1985981308411215,3,0.08043488939771098,0.042000794222469225
0.38528896672504376,0.10546875,3,0.08658701274435229,0.022305201196454703
0.23167848699763594,0.4484304932735426,1,0.06336520064381024,0.21258941094990844
0.29245283018867924,0.2480252764612954,3,0.06572370122589108,0.05245396094364914
0.42920353982300885,0.3175775480059084,2,0.21061492647823615,0.09334467906065973
0.3471223021582734,0.16119828815977175,3,0.07800971685305638,0.034091237925241276
0.36945169712793735,0.276707530647986,2,0.18129403606491115,0.08133186934714721
0.1605316973415133,0.40386940749697703,1,0.043906205291474494,0.19146414155225006
0.19955156950672645,0.18769551616266944,3,0.04484575418523481,0.03969504001593607
0.23630672926447574,0.11517615176151762,3,0.053105838852118364,0.024358184183220635
0.4866581956797967,0.3842746400885936,2,0.23880856188977015,0.11294876849906577
0.23269689737470167,0.077834179357022,3,0.052294591744521085,0.01646086665973871
0.20607375271149675,0.09409190371991247,3,0.04631150173848739,0.019899153478448284
0.15335868187579213,0.6051282051282051,1,0.04194435043780734,0.28687578255055846
0.1590909090909091,0.3226452905811623,3,0.0357529225143777,0.06823507552238381
0.4110576923076923,0.31986143187066973,2,0.20171055830387377,0.09401597464722304
0.6117274167987322,0.3409350057012543,2,0.3001814126857289,0.10021007117019398
0.060117302052785926,0.28860759493670884,2,0.029500225364261213,0.08482962190807884
0.4509151414309484,0.17346938775510204,2,0.22126904964382474,0.05098737120593891
0.1206896551724138,0.24619640387275243,3,0.027122906735045155,0.05206717935147011
0.4315673289183223,0.2807262569832402,2,0.2117748639445599,0.08251308232127708
0.5760869565217391,0.1983739837398374,3,0.12946555171355403,0.04195339016968824
0.38159371492704824,0.4167852062588905,1,0.10436774956587173,0.19758719092540636
0.13855421686746988,0.2006403415154749,3,0.031137657129561305,0.042432693908177076
0.1570945945945946,0.33013937282229966,3,0.035304285455799604,0.06981997163778621
0.2873303167420814,0.06488991888760139,1,0.07858624858680695,0.030762648481372612
0.3350151362260343,0.1866977829638273,3,0.07528884129883659,0.03948403306135895
0.2327790973871734,0.3898305084745763,3,0.05231306477163103,0.08244383216869133
0.529045643153527,0.18032786885245902,2,0.2596085514167932,0.05300326534233572
0.6776180698151951,0.3592233009708738,2,0.3325146852547017,0.10558549856809508
0.4020926756352765,0.7408163265306122,1,0.10997431569594025,0.35120204544865585
0.3793911007025761,0.4881656804733728,1,0.10376532379003346,0.23142684544088404
0.32432432432432434,0.2776315789473684,2,0.1591495348590071,0.08160347227526352
