n_bbox_width,n_bbox_height,centrid_1,centrid_2,centrid_3
0.2914012738853503,0.37185929648241206,75.75037042352217,143.35272145631188,461.0924545632462
0.3028237585199611,0.40077821011673154,52.88555414262964,96.32727194116018,426.7729240373927
0.16180048661800486,0.26496674057649666,55.607959128066405,239.7444123420036,44.96951218428362
0.20097244732576985,0.740909090909091,7.293668925341588,41.65548090372342,54.052330766125756
0.20512820512820512,0.1876155268022181,24.75806226246003,852.6548522583471,54.69176291325089
0.2,0.45764854614412137,21.690176251918196,88.56642398093413,1054.5055447933464
0.33079847908745247,0.5563689604685212,21.567728920370815,34.91470863407191,191.98693389053483
0.2438070404172099,0.42970521541950113,31.199567550527323,1620.524267120712,933.1134994738421
0.28448275862068967,0.49069148936170215,23.862281839340792,96.27376441363711,3457.6581890912435
0.6563146997929606,0.6371841155234657,23.219220456137084,5.793906907432135,15.585741033910349
0.3889695210449927,0.5411255411255411,33.03182692472621,21.606764250827975,119.92122757385464
0.16240409207161124,0.239067055393586,36.64989591273979,510.61773948537854,40.17879770570231
0.4921052631578947,0.28704663212435233,1177.0416199505876,57.218366198592534,24.393471817434758
0.3047016274864376,0.29243119266055045,205.12432692826735,225.05059284096595,159.23126006571496
0.1912568306010929,0.34457478005865105,101.29363262195272,140.11685161077617,100.76083614007896
0.45865834633385333,0.4379310344827586,126.75294951948092,21.2416265742506,158.61275729224877
0.375,0.381057268722467,102.15296882522941,47.17064595212303,105.14902314273688
0.2544589774078478,0.21713147410358566,38.169367152842575,99109.64704971568,260.106550279865
0.45233265720081134,0.4381625441696113,115.14631649143625,21.87223986214987,165.25037648830545
0.14490861618798956,0.4104979811574697,27.655113915658116,50.46990012396162,131.96583576056548
0.19213973799126638,0.26666666666666666,62.85584180544162,360.6016113834535,63.10599525314733
0.27011494252873564,0.12125534950071326,20.454288360857273,451.4181808660369,5406.229368503085
0.24066390041493776,0.48645320197044334,20.652871463729916,612.9638395965832,2278.146019799761
0.2328767123287671,0.13898916967509026,19.624660669642434,941.9427079553855,81.97939754227431
0.26548672566371684,0.2964669738863287,212.14389263399312,659.85722948265,1395.3303987879415
0.25708502024291496,0.437403400309119,30.702287811804606,434.26899852602526,2361.489341885009
0.1717948717948718,0.07940780619111709,12.106006685642374,97.86793640294043,26.095040836858185
0.5399644760213144,0.3582089552238806,1336.1516030193657,23.949174405312956,32.710804891101276
0.12305699481865284,0.4143302180685358,25.136585713038155,40.74755551456835,119.84244147817888
0.3256578947368421,0.22184300341296928,54.59337356983967,2106.8840247232765,71.49966032492355
0.4224021592442645,0.7777777777777778,21.529019907340512,10.12767583027584,21.35008497654465
0.5726351351351351,0.2859463850528026,694.6334735422042,43.757614858535554,17.80499979898881
0.5613126079447323,0.28073394495412846,760.9564035161488,48.973136789671756,17.99007642708534
0.6360544217687075,0.20491803278688525,80.3103744951827,235.31505317894033,10.244664342266741
0.461361014994233,0.1059322033898305,78.02255520675021,42.38703311386567,14.27272512510575
0.7123287671232876,0.3080684596577017,784.5065060326838,23.28370387077597,13.839099036899565
0.35139318885448917,0.2082018927444795,54.75741438743721,1251.6967003796333,46.46569044021006
0.19831223628691982,0.4322845417236662,26.23537261646967,95.49295818020956,359.8270898463542
0.09248554913294797,0.4321808510638298,19.799716493126454,29.97385847588649,144.4282866861024
0.1926729986431479,0.5495652173913044,12.90522727622028,55.469193464827526,166.0724396017284
0.30039011703511054,0.4939919893190921,25.098601539807653,66.94982793297135,1429.1351704128801
0.27921279212792127,0.10851063829787234,19.907526820522783,286.52046013593446,286.3610646318414
0.3477832512315271,0.28515625,192.88332199124167,142.69371602339106,68.70967484548123
0.2753246753246753,0.25547445255474455,68.14243666203012,881.0211720887183,807.5504189189023
0.36288998357963875,0.2832369942196532,198.2727060241059,127.67704213133034,56.99716864206737
0.23067173637515842,0.4007989347536618,39.810614936145804,337.46460966526325,364.61602267749987
0.21115537848605578,0.2269021739130435,36.517973115703924,2542.02147555192,70.03265163568518
0.1445966514459665,0.10162162162162162,12.406036000417378,85.76019349413839,21.643576949775433
0.36970474967907574,0.45080763582966227,48.045790177173,34.596235086997595,487.9730897873063
0.14591439688715954,0.21291866028708134,26.0505414975471,3405.58006171687,31.29730197940379
0.45516074450084604,0.21853388658367912,153.75767478880596,1775.6160601303516,21.320826003671137
0.3711340206185567,0.32669322709163345,554.2537457832243,72.48627411856117,68.11032757954378
0.3824200913242009,0.4560327198364008,50.461470968208396,30.673097209148594,581.3970070517657
0.5912052117263844,0.40790842872008326,156.82569077072998,15.111975859392741,49.06695750729864
0.34824281150159747,0.05860349127182045,22.371020460615917,62.63047850599773,30.80778060159686
0.26615384615384613,0.27002583979328165,87.06526578777112,948.1479847643739,1447.55500840125
0.17286652078774617,0.30625,334.63802003588256,149.80923940032406,62.65136759070656
0.3100581878636742,0.3919239904988123,60.96194743036768,89.62020146069008,311.37848171055595
0.2828282828282828,0.2855603448275862,142.6026737032493,396.8745679808729,406.63394872514925
0.41237113402061853,0.3333333333333333,488.7096194685845,51.3678680545027,50.771351130139976
0.3631346578366446,0.13937282229965156,35.72011938607719,112.320101605363,32.207187349900586
0.554140127388535,0.36248415716096327,667.4728458817227,22.178960755594264,32.30264403817702
0.47774869109947643,0.27860696517412936,614.4363750696851,68.94424369793789,24.933622388902506
0.5452755905511811,0.19376026272577998,366.4200785473254,151.7368659627414,13.070500296196274
0.1031636863823934,0.5408163265306123,10.544995985107459,21.438751245500598,86.40775381059433
0.37037037037037035,0.6363636363636364,20.41083344403683,19.226891672328037,60.10288202441302
0.26014319809069214,0.3608768971332209,82.63581978530006,512.5640562032179,959.2016627311067
0.30627871362940273,0.12831241283124128,24.775152196180436,191.75466487254465,79.46528021268324
0.3244729605866178,0.1856,39.0431414222972,425.26201540760377,63.77644933694959
0.4762532981530343,0.42597402597402595,193.5342785776273,20.72954430635273,106.80919972023844
0.3284241531664212,0.38540478905359177,72.88436720940628,72.15285613344408,197.92247793278545
0.7688787185354691,0.22919334186939821,47.46054617579626,143.32956670156275,8.273339761907202
0.06967213114754098,0.14399205561072492,12.922994313832639,78.6337659609862,15.283782388537185
0.3624868282402529,0.15582450832072617,39.25748231849654,143.91433123405537,34.123187356027614
0.3135198135198135,0.4541984732824427,34.287759076490005,62.77696767395179,1332.8206347128576
0.4263322884012539,0.3838582677165354,150.20283503518968,33.12994927836631,72.97981210513342
0.1056338028169014,0.3226837060702875,303.7835982827153,66.34689982363471,41.04725641632489
0.1875,0.45985401459854014,20.56391730662897,69.2318938613244,1066.5298158436062
0.26348228043143296,0.17038216560509553,26.711323967546452,1310.4329860336047,544.4490253679564
0.2635494155154091,0.4372937293729373,31.49623545956136,267.86711701644896,4874.3524295457055
0.44823529411764707,0.35071090047393366,373.73458974609673,36.78658417961308,46.427677511624935
0.43742098609355246,0.4720229555236729,74.5558614861807,20.465428563936623,7980.5768213496185
0.13035714285714287,0.11248073959938366,12.597541289246253,83.17095147266441,20.01806517050991
0.5288270377733598,0.6537396121883656,483.6362215339935,8.09396517563213,21.140811350884167
0.05907172995780591,0.21311475409836064,21.21210180335106,1961.2566162289356,18.400338209593944
0.19140625,0.24031890660592256,40.528042969867634,738.6803373010852,55.382308216527186
0.2761904761904762,0.2709424083769634,92.50374141498752,615.1405445473123,755.8556217488837
0.37116564417177916,0.26221498371335505,125.49342907890563,173.20815597954345,47.08922806897447
0.13982300884955753,0.07095709570957096,10.71064215399252,64.58813607412077,19.2504569466477
0.5225048923679061,0.16481994459833796,30050.328523345062,71.07389853057941,12.90181586244588
0.5504587155963303,0.42503639010189226,327.0853606184212,15.735850303886187,76.9969703102774
0.4012158054711246,0.05787348586810229,32.032442679155345,40.969580331023785,18.37696812595213
0.3050847457627119,0.3723849372384937,79.77808655929266,109.391425018836,284.8618384858864
0.6468172484599589,0.4568764568764569,56.716999718332865,10.368307782969758,184.09130569373272
0.324553950722175,0.3694829760403531,92.26470631494684,83.58766746505012,178.72064135256966
0.6738544474393531,0.4129032258064516,67.44267173674469,11.87913508638436,42.37577449278923
0.11336032388663968,0.7785888077858881,5.266953012740922,13.327390214951977,20.828888431490473
0.3095703125,0.4141048824593128,47.23820153712977,80.21190326100744,437.45782481469575
0.19054652880354506,0.1065891472868217,14.459081911157675,163.03780519398597,34.69227501546831
0.255859375,0.17315436241610738,26.456205945050673,2556.0332144792733,244.35819719521965
0.14102564102564102,0.4891443167305236,15.026137987353566,34.62607557897977,435.32783459917385
0.4200743494423792,0.42133051742344246,91.43695020533579,28.06648215088557,133.04518401597727
0.2809123649459784,0.5483425414364641,17.70662742079893,87.88495578027906,1145.6821652248764
0.2833333333333333,0.45921052631578946,28.92431497310153,112.13752394915458,6028.918551936375
0.3637469586374696,0.09345794392523364,28.41913644934794,69.81050693933811,28.109183676038466
0.27149321266968324,0.27636363636363637,103.58025730039255,666.1206449223848,2690.7340195676848
0.14466546112115733,0.08781362007168458,11.653445964320273,76.56176572526444,20.8757120431632
0.41923076923076924,0.1907356948228883,77.88602812098095,230.93952078335138,23.820125055332113
0.13649851632047477,0.298932384341637,163.25976089765828,109.20476929658471,43.59785249997201
0.36434977578475336,0.10396975425330812,29.949710050815078,75.97936699446748,28.72970178824998
0.45294855708908405,0.5300546448087432,66.57485440478007,15.42964476825501,92.78410668360151
0.3812807881773399,0.42936802973977695,61.70400798766873,34.79539083965065,213.6331266622472
0.35558252427184467,0.265642151481888,121.72827563112092,184.3726127173568,56.5491622303647
0.3862310385064177,0.38088445078459343,110.84732536432753,43.419441668625645,94.84314832044063
0.19420783645655879,0.41954022988505746,29.059656787527686,93.53221034560065,256.4234324086251
0.11442786069651742,0.1875,19.240778143430116,266.85429911781375,22.71160718350731
0.17440401505646172,0.21816386969397827,29.710992780838453,5933.2555676470065,41.507775350252615
0.44142614601018676,0.43579234972677594,101.65232991976762,23.346130462253637,164.00000948823433
0.4640804597701149,0.4842681258549932,100.61186178838106,17.13656494452135,395.7543634884844
0.4827586206896552,0.28680981595092025,894.1557812655693,59.68229753741095,25.43032704186724
0.17701863354037267,0.3587069864442127,65.86760855138658,100.4560365625263,95.9664807048306
0.18493150684931506,0.3568075117370892,70.45807566343555,114.85353219776513,103.19536399187022
0.20411985018726592,0.25815217391304346,55.41499635302404,555.0437986351498,71.67162517216144
0.2793594306049822,0.14489795918367346,24.185831085035975,431.5513738477286,313.5111813232636
0.41621621621621624,0.6506849315068494,27.951536341305545,13.565226139943768,38.0132299052337
0.41196777905638665,0.5709401709401709,35.24753175461176,17.038501907475464,70.47086080083233
0.4350282485875706,0.3146747352496218,97721.92354338345,53.71846864094139,38.59744676510869
0.3127147766323024,0.6509433962264151,14.165118251473343,34.8103388191361,129.05336357363979
0.2778904665314402,0.3786008230452675,64.00876992531667,196.92506659906766,1299.4166361476478
0.17627118644067796,0.17883755588673622,21.230531157310736,383.84538562248565,36.64478314845172
0.36281179138321995,0.30567081604426005,685.6258738528787,95.85894597870917,64.77259513104286
0.44418052256532065,0.2893954410307235,501.3136293088767,68.83334789394739,31.490781897931416
0.404,0.5814432989690722,31.586873861923312,17.38724998612552,67.53140417598924
0.37142857142857144,0.3799621928166352,101.41760086806643,48.84496258002082,107.53121056571334
0.32242225859247137,0.5137254901960784,25.095743678136195,44.32736622206652,445.86474796838564
0.188,0.16444444444444445,19.870776429455972,331.55665777756764,39.9467316592505
0.7517241379310344,0.10674157303370786,20.989502045674275,18.150693579033014,5.689707868811695
0.21568627450980393,0.6336032388663968,10.215741821814376,77.19965614773317,114.29286454286884
0.11911764705882352,0.32659251769464104,209.95035809776454,70.77044340712771,45.93390833445693
0.12324929971988796,0.07724719101123595,10.538121668058585,58.454333420495914,17.342708840769856
0.47074468085106386,0.25,296.9126131162271,130.6277336623327,22.466076992795866
0.31749241658240646,0.6909413854351687,12.953552387793316,29.72849315862955,95.02760493698848
0.29330254041570436,0.36419753086419754,88.22263509341911,144.60619890238397,393.78021695969625
0.4117647058823529,0.2898415657036347,361.2080286893304,81.85397827016081,38.76558473353203
0.37592867756315007,0.3658838071693449,133.32861066145617,51.567383534722744,89.22456769832857
0.5625,0.2745974955277281,625.5310633188859,53.883712898043335,17.358128196728376
0.3774104683195592,0.18490566037735848,52.981479269411835,247.3606876815982,32.38590508666306
0.2540861812778603,0.2595078299776286,67.3336418992904,3096.6446232708345,304.6480565425535
0.2077727952167414,0.40799031476997577,34.0676460180159,133.7131188726527,255.62738365133308
0.32027649769585254,0.3333333333333333,266.39561161851725,115.65757880774224,143.0137618230362
0.22380106571936056,0.34285714285714286,119.19567345775862,343.907628218768,170.07590725314813
0.32075471698113206,0.2563758389261745,84.75786028038327,333.0283183197529,90.94149797630995
0.14506172839506173,0.16736401673640167,17.9603576013234,203.0099973716148,26.423841932721285
0.1266025641025641,0.15726495726495726,16.025628846081126,142.17987150830885,22.272418667811294
0.4165554072096128,0.19738406658739596,80.222695169832,319.11337869444367,24.84246409965916
0.12026359143327842,0.19278996865203762,20.36614506152907,343.26286860980434,24.047483067877685
0.32778355879292403,0.6101426307448494,17.368131427642258,31.2743287381145,123.73770926284072
0.32538569424964936,0.26344086021505375,98.68185183099673,266.91764449614885,86.22877364732341
0.3197389885807504,0.3147590361445783,152123.37159826644,138.38409069713734,127.39281971010605
0.25057471264367814,0.5292307692307693,17.13499078479176,821.8723944680924,907.5926287603627
0.07883211678832117,0.31170108161258603,728.977252877978,62.14057453588214,32.85185495719737
0.14219653179190753,0.2631578947368421,50.895458306172486,202.2113734369304,37.71848230739583
0.3732943469785575,0.24233576642335766,92.35976904241649,298.02830985323396,42.11778320210104
0.3883495145631068,0.47928994082840237,45.238916013869066,26.7948090840221,1050.7325580134748
0.14652567975830816,0.2722298221614227,62.454251139146045,177.01792202522287,40.82494626278047
0.3856749311294766,0.22432432432432434,80.65372620882125,847.2877732040123,34.88175943502825
0.5751789976133651,0.22988505747126436,224.54115176334113,216.63183459619262,13.556128204445704
0.4341317365269461,0.5101214574898786,57.785851787550605,18.12862659276978,156.45103610327877
0.24349442379182157,0.4895397489539749,20.49373996819015,1142.479228025867,2098.506443672371
0.24492385786802032,0.31833150384193193,1016.8331267320619,5516.740247848893,265.10981803778145
0.11909650924024641,0.132890365448505,13.620123575694949,94.49071510976108,19.637222036038807
0.1286231884057971,0.1396761133603239,14.489903467514814,111.21365867425999,21.393365465881924
0.3087719298245614,0.28257686676427524,145.08607644761125,241.3434276668017,135.2397824617591
0.375,0.34738186462324394,207.70668522256338,59.24587544161647,76.56877194209085
0.37551020408163266,0.38033635187580855,103.63445322511407,47.189719286298775,103.81300833575047
0.5393103448275862,0.28802588996763756,2252.923125805393,47.33698611469781,20.23184692661398
0.14492753623188406,0.5125,13.387928813650696,33.12319881759293,194.59434935759944
0.28524046434494194,0.288135593220339,157.96804280563308,358.78875037063074,348.81099568115684
0.09433962264150944,0.396484375,28.57452036166142,36.33348068465147,76.29475525565209
0.5072463768115942,0.4697368421052632,416.9066809519042,15.115822644846592,2733.121378148806
0.28299643281807374,0.46926713947990545,27.00329443445567,108.68710279006194,37114.611305184844
0.18532818532818532,0.18353576248313092,22.580767102053386,504.578442478047,41.24641185603748
0.2893081761006289,0.27906976744186046,119.93142037323429,371.0690432332385,263.8077373957731
0.22831858407079647,0.19008264462809918,27.23661181964028,2113.6355675643204,86.17514547934391
0.6,0.187010078387458,101.27530763110654,98.20163189001437,10.646744786764533
0.36228571428571427,0.19006849315068494,49.97331439028799,335.78099207605305,38.36157244550946
0.4616977225672878,0.13157894736842105,89.43515576866338,55.203064009680546,15.323394606894063
0.4943342776203966,0.14285714285714285,204.848972798255,55.335066761088086,13.548025279125115
0.07407407407407407,0.33480956598759964,111.34375435278415,48.691089029146774,37.47992201375533
0.4588744588744589,0.15047619047619049,95.31153427526641,72.11152116573827,16.46805779409039
0.532033426183844,0.33158995815899583,6396.398784167846,30.27513776969728,27.277486308030735
0.08487654320987655,0.22270742358078602,24.802202286114497,898.8802659216883,21.78025076007738
0.6167471819645732,0.30327868852459017,923.8458808477424,30.902404168181743,17.146132681550384
0.33084808946877914,0.37809647979139505,82.32558455920909,73.23077204827001,175.18199445133016
0.42920353982300885,0.24831460674157305,160.8459902631662,168.68026208353763,28.098965340301394
0.17647058823529413,0.43141852286049237,24.762983035554694,66.05527851642564,269.44022472455424
0.32098765432098764,0.22744128553770088,56.74744019935131,1159.4342811701579,79.78675602471715
0.22702702702702704,0.3976047904191617,40.83650570780112,279.75085072341454,318.93633283397145
0.26666666666666666,0.4226415094339623,36.21075257306973,242.07936755987438,7042.012785041617
0.2791970802919708,0.37127659574468086,72.69651260727393,197.9148872238378,1040.520533252933
0.17955112219451372,0.29360780065005415,137.55720625998563,191.49981027887512,62.51385832902548
0.29827742520398914,0.4317817014446228,38.08306075271838,89.7684706879038,882.5042680872529
0.2937062937062937,0.07063711911357341,17.883860725673685,146.4943038379167,103.48386144623693
0.6009732360097324,0.5306122448979592,59.2164000789928,8.966960647397965,50.856614338546926
0.3116036505867014,0.30317848410757947,407.8703463781965,176.37452004071002,141.58296447453947
0.3148148148148148,0.1773049645390071,34.98328515659039,381.01312921390263,75.21151862055669
0.557037037037037,0.23569794050343248,368.49822721212917,162.2012505021953,14.767308370118787
0.298465829846583,0.48014440433212996,26.967103175349155,73.07611870005478,3904.6747153171746
0.1875,0.3888,40.306883442711054,97.67191736088971,147.7062442545792
0.20683111954459202,0.432967032967033,26.787271017778405,115.53680843550035,415.95333189210737
0.16216216216216217,0.15664845173041894,17.5374723797761,199.88707559000278,29.58694583428833
0.3006993006993007,0.45157068062827227,32.928580712187156,78.54525367039297,1631.057285303417
0.3126491646778043,0.3423312883435583,172.8456118837412,119.85420909804598,180.09189970374874
0.23348017621145375,0.25274725274725274,55.722521687371426,2050.3348953082927,126.73822859696163
0.1440536013400335,0.23352601156069364,32.495986437948076,550.6441970651872,33.50590365472173
0.20350877192982456,0.6180048661800487,10.331518427248225,57.57967807852908,103.14080469122632
0.6370967741935484,0.5462962962962963,37.76832947230329,7.751061080674529,36.2705226389586
0.4426229508196721,0.3102541630148992,2751.3971321913,54.05368997061155,35.890260254805156
0.3541666666666667,0.4549237170596394,42.33571839971767,38.916279748023584,723.0084657299865
0.2924901185770751,0.07746478873239436,18.301177650994596,157.805146238617,110.86822840738232
0.16393442622950818,0.3849462365591398,39.72823987222366,71.45148723708438,109.63763848811121
0.3505586592178771,0.1038135593220339,27.530263242578258,85.94771097275932,33.60862987144041
0.2831661092530658,0.3713927227101631,73.74932464015319,176.2463829759884,737.255191551701
0.2557077625570776,0.08226221079691516,16.10572515657366,830.431560914367,185.21884024413015
0.28877551020408165,0.1655306718597858,28.637095605718326,472.39894674612117,170.4459580939269
0.3403193612774451,0.24930491195551435,83.71545762511266,319.0874980498462,63.69151117155567
0.37605804111245467,0.46466809421841543,45.491303615613155,31.06476286378486,1421.2771939044737
0.2264851485148515,0.29907407407407405,214.77052521243016,594.5019560328823,134.73187791568415
0.12806539509536785,0.2224824355971897,27.44930700812357,1267.621357654084,28.401355442565453
0.26246719160104987,0.3283173734610123,284.0700045629893,563.5593090167278,982.5433975660561
0.4061181434599156,0.43380281690140843,72.05775283299793,28.776879272800617,195.45278082105182
0.23874488403819918,0.3721227621483376,61.42104948633702,805.0823632560488,327.0051742147087
0.1375886524822695,0.27671232876712326,68.18626471394042,150.55186624337668,38.93773149071219
0.2720306513409962,0.16071428571428573,25.888934161855676,716.0248947668905,1317.408718080418
0.402555910543131,0.09759358288770054,38.312922663537556,54.26195571117107,20.125427695219916
0.1809872029250457,0.328278322925959,216.96640761945775,135.3495656060528,78.92956774307879
0.25277161862527714,0.41387024608501116,37.38759303969915,830.6128314147111,1035.973057803459
0.0958904109589041,0.24485373781148428,33.498652730787626,228.49409701068282,25.426710771261128
0.386046511627907,0.2567049808429119,125.95615811736606,175.56882453236057,40.017625268588816
0.5307346326836582,0.45639187574671447,881.9003701172861,14.635056791702551,257.2641143782231
0.5467032967032966,0.25120772946859904,655.9462591842483,94.2240507410775,16.397550602450046
0.38128249566724437,0.3751651254953765,117.1026584072807,46.63173137825581,93.1511388580529
0.32303370786516855,0.2972972972972973,286.24955025552094,160.79376610496408,107.54193640418546
0.3101123595505618,0.22043795620437956,49.84819344494527,3423.6301392363507,98.37246540291116
0.37350993377483444,0.19127988748241911,54.25935389363306,321.1628957972975,34.36638729806932
0.6461187214611872,0.08294209702660407,34.95484541788169,18.83953184839161,6.838992417559809
0.39473684210526316,0.3283450704225352,576.458290236,60.035212698632435,55.90370407577819
0.29116465863453816,0.3695652173913043,78.84236154658781,146.26599314680337,455.63465046948664
0.099609375,0.4103448275862069,24.733918612278334,34.95346243938214,96.55337328775886
0.3227699530516432,0.47885402455661663,30.482750595883637,49.97485059000368,2481.3501113948428
0.38809034907597534,0.43736263736263736,60.59668924258543,31.924459514177155,248.82384588871446
0.43832599118942733,0.25971370143149286,215.11838306683805,118.91816825499119,28.012005499129344
0.11485148514851486,0.10989010989010989,11.96541754209441,71.59470104081106,17.882977047828433
0.5102827763496144,0.384375,1154.8695830383444,22.5092234550849,47.80837885681826
0.2509907529722589,0.3344768439108062,186.94248394683441,1960.8430948094717,393.0992293606131
0.745575221238938,0.21908893709327548,46.88859302433998,615.515290343474,8.33066933268041
0.2959917780061665,0.3362255965292842,205.7664795564425,168.48288279482287,280.4219039903852
0.32139201637666326,0.15181518151815182,30.475927363538066,209.11477934549865,60.42348390001139
0.29577464788732394,0.8074245939675174,8.944211711923131,34.43915033706771,113.5962795475598
0.10784313725490197,0.3383152173913043,102.46280952570845,58.80053983951079,46.49955886215603
0.4680483592400691,0.23577235772357724,231.44730432763578,226.56005403055147,21.395607045501002
0.3672922252010724,0.24371069182389937,90.51082901933147,297.4309334280058,44.97520670573196
0.4542897327707454,0.5089058524173028,75.27502042135688,16.436203991898967,143.87890438143089
0.27615062761506276,0.3082778306374881,622.6278130245803,367.2033320207475,934.6267241849621
0.5400763358778626,0.24004424778761063,771.1111510896357,140.7779863735862,15.98824790945824
0.28792569659442724,0.428087986463621,37.590936738824425,114.25939789082267,1262.5611910978894
0.3511777301927195,0.18256130790190736,44.084031493613935,287.6589910496898,42.45090972484685
0.42953020134228187,0.12832550860719874,57.54406794619962,62.5016985168999,18.230598457533993
0.13524590163934427,0.1751054852320675,18.475535696887366,220.3194660971811,25.133352653843854
0.3088235294117647,0.27247451343836887,110.4761903015164,284.1517985962549,128.19859886881574
0.23109843081312412,0.2078239608801956,32.0566822318191,8007.559306321894,98.62156784660456
0.3553370786516854,0.3178294573643411,1966.4286909632542,90.24089487638628,75.99844836638044
0.09067017082785808,0.20757363253856942,21.58701035482214,776.0702887880144,21.195098386746388
0.2523364485981308,0.30518018018018017,384.79498370940223,1982.9855135215698,349.02005032281517
0.3162518301610542,0.261101243339254,90.20649005777949,317.5730607747996,101.95867950050192
0.2756052141527002,0.31715210355987056,1714.1611411607694,341.3613922043345,1078.0132143992744
0.3781094527363184,0.3134020618556701,4976.9733363098,77.9889394415777,58.366935897983375
0.261271676300578,0.3392070484581498,156.6516481159627,555.9499851966336,910.6382819545503
0.13054830287206268,0.48320413436692505,15.140539989258086,32.202349759354156,602.9850795765724
0.18421052631578946,0.25462962962962965,49.102060048841274,412.52019030802586,54.064510174181386
0.1479944674965422,0.36233269598470363,56.13167752151822,69.15978338684606,75.49061397453647
0.38509316770186336,0.1299559471365639,39.30883322625616,84.13707646055637,25.364751878970687
0.509375,0.4042316258351893,837.3902393135306,20.20641855398654,62.202370492106006
0.2728442728442728,0.3505494505494505,111.91558038029115,283.83977146804136,2542.5698781608226
0.46869409660107336,0.34801762114537443,557.0096795780797,34.07693289429333,40.7468845043992
0.2815884476534296,0.4303448275862069,35.88814270158858,133.58887074722765,2035.5869110463561
0.2240117130307467,0.37954768928220256,51.69648880556024,269.31208786883997,239.20508280297153
0.2877030162412993,0.36314363143631434,87.99781253589637,165.52626482369197,510.4670872550947
0.1649746192893401,0.7385496183206107,6.596288104112908,23.41083932075299,35.765438450569846
0.3269876819708847,0.3544891640866873,128.69349158165414,89.81902938439546,149.17079428122756
0.554160125588697,0.20947176684881602,302.06474093359805,511.33243848999246,13.422334675558242
0.27641408751334046,0.42117117117117114,38.16403028702083,163.85299724070055,2923.1355250002744
0.33004926108374383,0.38375973303670746,75.25222470293946,71.43922657925462,188.98238530924834
0.08543263964950712,0.08333333333333333,9.879932511306192,46.801689468545874,13.997525276839417
0.04942528735632184,0.6564705882352941,6.183631786977299,11.504382012683724,24.52628556055027
0.11126760563380282,0.2773851590106007,64.97240463405407,119.96489669934986,32.57685787009824
0.34324324324324323,0.5667870036101083,22.109679199330046,29.511588806476958,142.1463213936821
0.2794348508634223,0.386685552407932,57.17140234354703,178.75768055522164,1200.362931409999
0.17938420348058903,0.3581907090464548,67.1103836229189,104.36372097921074,98.03360584105856
0.3888111888111888,0.1392904073587385,42.54898597270169,91.92820677030821,25.264693395120865
0.22566371681415928,0.3987577639751553,40.09092684916545,259.9653168412936,313.9503097407358
0.3482328482328482,0.31952662721893493,1210.2656554072823,94.97423905188808,83.79023469004382
0.12748344370860928,0.2786885245901639,70.07988817427628,133.45764174694813,36.53993552157642
0.3738562091503268,0.11081081081081082,32.93079743702524,74.87862039618042,26.605902952717308
0.35356200527704484,0.5398230088495575,26.269183104207507,28.881051816074056,173.72450013786556
0.38183694530443757,0.21613832853025935,71.94649232236696,24183.099384857946,34.91697887200961
0.09125475285171103,0.08662900188323917,10.157883754144114,49.79322112292001,14.578358314243665
0.3724340175953079,0.5652173913043478,26.569449337679156,22.762313221833494,103.50249043263007
0.41743119266055045,0.340324118207817,371.9573155168164,47.04646251767791,51.651301541692064
0.30666666666666664,0.35399449035812675,118.06068909661903,120.68282491894654,229.946731832615
0.25539568345323743,0.17073170731707318,25.966174251809818,2547.5952315605864,234.46828948471006
0.24119241192411925,0.23564064801178203,44.87592535767658,9179.033942892333,149.4621465029079
0.23900293255131966,0.4209809264305177,33.191169255460025,633.9272530739802,650.1050256678226
0.4186851211072664,0.6895161290322581,25.64958731641766,12.274427168112863,30.732113915763616
0.40852130325814534,0.3485653560042508,259.2575309128414,46.55483415848528,58.65504640011532
0.11385199240986717,0.3157199471598415,2633.9968214454307,75.36305273757797,41.27881945242459
0.5944272445820433,0.5885167464114832,50.95221595050561,7.716324579983935,26.25743173978394
0.24742268041237114,0.27553763440860213,92.53494338331191,22932.60867756051,230.5042617108275
0.1913499344692005,0.20498614958448755,27.48239940972366,1665.959374899563,47.999322951051376
0.33467202141900937,0.2112970711297071,51.3805825177094,2506.1867829031235,59.0985392651182
0.4088235294117647,0.3719862227324914,153.49961867915385,39.49850307894308,72.33343359150571
0.3708086785009862,0.298989898989899,416.5734221536928,96.88785049359852,57.342034106789384
0.13911620294599017,0.061633281972265024,10.297161591266855,60.28404147716959,18.710387487471717
0.4419047619047619,0.5052447552447552,64.96533814543331,17.700086062609373,170.84160488439713
0.6357466063348416,0.39599555061179087,108.96004231442515,14.266706155130233,36.278111054121446
0.3049421661409043,0.4973913043478261,25.146196178787722,60.972769061439735,1083.0579461097147
0.3448275862068966,0.08139534883720931,24.084213413596583,75.79771275190073,34.08888231305243
0.3852140077821012,0.3336155800169348,386.31480452243727,61.2912936739964,62.824427791747375
0.2605633802816901,0.40146750524109015,44.00769744199545,388.356250717095,1587.572462023204
0.418732782369146,0.5319727891156463,44.276077786330205,18.386089209895204,110.464921627182
0.21408045977011494,0.3671875,61.835816090911344,202.59426674478857,173.08348269776934
0.4724310776942356,0.40191897654584224,228.19890223291972,23.805577437388074,71.07941600212295
0.2861491628614916,0.662771285475793,12.147089265597153,56.70606906307755,315.2914082427257
0.16981132075471697,0.20776699029126214,26.475635144862125,1612.7132087383754,38.0348309976241
0.4037940379403794,0.2619311875693674,159.06311363339833,138.07947230570124,35.59263028218226
0.296137339055794,0.7048872180451128,11.313293429679282,41.35422793540718,161.22354136035042
0.42077922077922075,0.46153846153846156,66.84267081072112,23.37857111706161,679.20951030083
0.4473684210526316,0.2153325817361894,133.4212966811195,9970.90683832347,21.976968478562416
0.34564643799472294,0.15804195804195803,36.0266248062939,174.86806499660975,41.97343209395952
0.25584795321637427,0.10172143974960876,17.58585979009469,957.160382980463,196.96122539147996
0.30158730158730157,0.40561622464898595,49.78852261942346,95.98604465127268,475.9234820850299
0.19039451114922812,0.12465753424657534,15.82588321461148,194.82001082457344,36.43063090347496
0.5635838150289018,0.4103225806451613,256.20532369548437,16.22525891543529,55.80279621817608
0.58,0.421195652173913,164.09280310682638,14.609382180012647,64.32634921778883
0.20161290322580644,0.17112922002328287,21.676961486185682,496.23079469896834,49.01462040062903
0.3058608058608059,0.2154046997389034,46.39596502363872,39520.24671215411,107.7403794379558
0.08163265306122448,0.18403547671840353,17.33833064283859,190.53492267707225,18.522626242708956
0.18703241895261846,0.15810276679841898,19.01158822001044,290.34810656715365,38.679103777276715
0.795774647887324,0.4219001610305958,34.192929021432086,8.837967150740297,38.489410228624905
0.21721311475409835,0.27349228611500703,79.25531652619664,588.3151005170218,96.5379717370608
0.26595744680851063,0.3724137931034483,67.58739406795779,331.5033875075199,2787.255398144845
0.21160409556313994,0.44506258692628653,24.672889526509213,124.3273379887337,657.9218988952497
0.2529182879377432,0.32063492063492066,634.2658271870401,1532.5744966929085,398.26024314821893
0.42165605095541403,0.4707792207792208,63.42842797228747,22.41828053640331,13227.515974547912
0.43052837573385516,0.1744186046511628,77.26691312688243,131.34840370231106,20.930639371695243
0.45982694684796044,0.38283828382838286,233.63739932420714,28.09403374537395,59.43712720882618
0.21806853582554517,0.0802675585284281,13.99587392066595,257.7068421315185,49.64264491289298
0.16447368421052633,0.422680412371134,25.872173030558077,58.80012486472634,195.769183303116
0.314878892733564,0.3036332179930796,431.1815211086701,167.03303464605477,131.70091137049923
0.21841794569067297,0.5196629213483146,16.039982266963904,116.40601960736498,403.89850785285677
0.15485996705107083,0.3509865005192108,75.10344224994608,80.57028077614476,72.4614750351747
0.3203732503888025,0.44243792325056436,38.715091069357165,59.892762963781195,682.7751311641679
0.26814268142681424,0.3556701030927835,96.0885912048891,333.38117256382606,5991.161512088902
0.554531490015361,0.16715542521994134,212.96898780467345,66.73489551561768,11.539649826387851
0.3475836431226766,0.547486033519553,24.53694759195981,29.885559013882617,168.2329729288798
0.16539050535987748,0.1831578947368421,21.25966297036038,376.43618063110875,33.310254391993396
0.08974358974358974,0.3073286052009456,309.47549842592144,69.63680925137257,33.91573557625648
0.30685203574975173,0.28818061088977426,174.07646878881863,229.75563799132507,146.559566545582
0.29324699352451433,0.1614785992217899,28.423468841892017,395.19117748406615,136.4261487416611
0.434991974317817,0.22762148337595908,130.75590964538662,450.47288301561974,24.81275381318422
0.4945226917057903,0.2748091603053435,886.7894613341354,68.41702884165791,22.62822932205769
0.6641414141414141,0.30640083945435465,842.7788487307707,26.449615575513345,15.372211143113027
0.13706293706293707,0.375,43.06581681288336,57.30838981778199,78.3767555586942
0.21428571428571427,0.2663594470046083,66.94152985254667,610.7198562108011,88.24518554593463
0.3162251655629139,0.30792377131394183,705.1287816923932,156.16757378342703,131.2585807580808
0.30559540889526543,0.20363636363636364,41.43317279097333,1392.0184795122611,103.76211602282731
0.22119815668202766,0.15608919382504288,20.897215846852415,656.5547788613468,65.56783866476665
0.35660580021482274,0.3348729792147806,299.7630388965254,76.42823920804535,84.2479207197601
0.7426636568848759,0.4875,26.326191915463692,7.421736008956814,130.29259914293155
0.3124300111982083,0.47572815533980584,29.546919199366886,58.5310510908369,5242.998553935258
0.21052631578947367,0.2592137592137592,57.63233055813741,637.3760757953311,79.8438073996718
0.4309623430962343,0.15022421524663676,66.21894855453041,82.71563815339373,19.301268552809436
0.7142857142857143,0.33365384615384613,276.7579182740041,18.151273854656033,16.33970194384785
0.22211445198836083,0.34838709677419355,99.01701221612852,306.94489119365755,171.41476901796625
0.1760299625468165,0.447576099210823,21.72211816467378,61.066610530967345,450.9960970555745
0.36546762589928056,0.3068862275449102,804.399110529201,92.46458487357594,63.4440721085689
0.4208860759493671,0.5876923076923077,35.98103399700178,15.43789265524173,56.77403607927824
0.300531914893617,0.46790299572039945,29.393949788315094,73.68447464721753,9579.437619779885
0.4494556765163297,0.16794871794871793,92.94261167436177,102.9967319545776,18.328681403202108
0.5343137254901961,0.2224824355971897,934.9475200683072,522.8193420744338,15.183139820403294
0.27586206896551724,0.29475766567754697,202.19882459691107,434.36124934723,902.7240924778433
0.7025862068965517,0.06455862977602109,22.218901650494754,14.500158379374504,5.67831229464252
0.12027491408934708,0.3610698365527489,53.691750426061866,54.46460831846931,60.77139860176108
0.28187919463087246,0.07931570762052877,17.63240590286052,208.17749381796835,207.54383922815558
0.1956521739130435,0.4772727272727273,18.816973070043815,74.94029223122433,2255.61963860382
0.16083916083916083,0.4039580908032596,30.990152927378077,61.91494188809135,136.5993005110744
0.18413597733711048,0.4944178628389155,16.441997148657897,57.38126039731618,505.7010218393233
0.22095959595959597,0.38266384778012685,48.824139938643185,232.93572125697727,232.0750600594422
0.0872865275142315,0.4550989345509893,16.367806873628613,26.218861980425043,339.0814154067274
0.3265895953757225,0.2986798679867987,316.4482248620151,151.07359580515558,101.64112553825325
0.2810271041369472,0.45507584597432904,29.492695409899092,121.7378462852535,5395.374242491506
0.15461847389558234,0.23846153846153847,35.590147403512354,479.94860208226834,37.36047247000069
0.2831505483549352,0.4389438943894389,33.62024578105663,122.93695958138073,2280.191347520202
0.40275650842266464,0.18996798292422626,66.77750722290416,247.73928667037308,26.693827581596377
0.11548556430446194,0.375,40.78400658298593,47.88384130214253,67.40235981611698
0.15777525539160045,0.08705612829324169,12.031907205425124,87.33315945201545,23.277393666099574
0.7193460490463215,0.6196473551637279,16.683197031597544,5.23931446026076,14.985477505338372
0.27941176470588236,0.34285714285714286,146.43835958489655,240.60556122001108,792.5469199898233
0.4576923076923077,0.3374125874125874,679.737676514499,38.98114567341918,39.7131825290204
0.38699690402476783,0.35651074589127685,176.59859942726175,50.66414914843805,74.213269520447
0.08459214501510574,0.48556430446194226,13.365139513540512,22.870944680145545,378.3309377160045
0.23809523809523808,0.3633841886269071,72.301170301507,788.3226787055942,294.3203053834826
0.0625,0.6907020872865275,5.780207911623293,11.432836053454007,22.006992900516785
0.1887966804979253,0.47969924812030074,18.159469463550018,65.45897360040682,1469.5436824454148
0.31296572280178836,0.3734290843806104,81.3014828864011,95.74443864656652,235.59676451833897
0.5451895043731778,0.33242876526458615,2524.0877812845933,28.73257675829329,26.132301520450508
0.15589887640449437,0.4279228149829739,24.096529064028182,51.93071978738193,202.89074822122262
0.21483771251931993,0.5456081081081081,14.07143927402012,95.19385995690567,245.72610070021446
0.19474313022700118,0.30668414154652685,376.0734616472778,211.8788870033917,81.17783419935787
0.5,0.22747747747747749,503.9395031588192,339.00605060317946,17.801653124149304
0.2804878048780488,0.5726495726495726,16.00940181922384,82.92692957586823,904.8938757509391
0.5032537960954447,0.1436077057793345,299.9887346761222,53.96636246174874,13.060720526090888
0.2851662404092072,0.7828685258964143,8.993076525933194,45.83770414260828,205.99315620246549
0.17197452229299362,0.3273453093812375,227.10214489455694,120.01915554780285,71.17745601265467
0.46252927400468385,0.4533551554828151,119.88694310277684,19.506030375229084,289.2039433870688
0.14779270633397312,0.7338709677419355,6.364270322516693,19.51835643059533,31.2672077908967
0.4416243654822335,0.3089311859443631,2104.0264675080816,55.102655343148484,35.804410296697725
0.6320272572402045,0.75,21.02231366596434,4.858296739105367,9.898950404987028
0.1291759465478842,0.14318706697459585,14.807128903371193,117.13701985407398,21.70742156219427
0.15699658703071673,0.4419525065963061,21.502301666325195,49.30476730499694,302.886221740153
0.21462264150943397,0.2356020942408377,40.986026272327685,1577.2636350465525,77.19883613349046
0.27411167512690354,0.2764227642276423,104.83248773020763,601.9202334315995,1134.1084495207615
0.3161189358372457,0.20283533260632497,43.23201421335027,1108.231015513046,80.05623523908372
0.30685920577617326,0.13389830508474576,25.608877416263113,202.8514455491038,79.52287142417731
0.4118268215417107,0.35914702581369246,203.29190581848428,42.254360509942664,62.698618901011166
0.2494061757719715,0.3880070546737213,49.971661741467834,2140.1529934953455,595.0963249352425
0.3314917127071823,0.31053203040173727,1227.6796248710255,124.52563921511376,100.49327442494904
0.37020316027088035,0.2909356725146199,274.83361269126556,107.80422966617508,55.11074801471654
0.48424068767908307,0.24509803921568626,372.82463016755594,143.84316200154205,20.597268123894143
0.401673640167364,0.2699724517906336,184.3155882476086,119.17951171203043,37.608602703566554
0.4626865671641791,0.14576802507836992,98.53962881857211,66.07860687535764,15.909459382166956
0.16152019002375298,0.36538461538461536,54.720772946424724,78.50719663226421,87.38716181763114
0.10291060291060292,0.4637305699481865,15.99307434332556,28.055816376883723,795.1012466275364
0.5241635687732342,0.5496296296296296,2963.737302975265,10.79690372732262,50.132986232179405
0.16689466484268126,0.2540160642570281,46.24101300010897,328.1947886021158,44.82123158251035
0.19771863117870722,0.25755395683453236,53.75580422558678,489.4136944059994,65.10514071571552
0.2696629213483146,0.4693069306930693,25.57394847651543,171.74865061482353,6642784.359647535
0.27543424317617865,0.6867469879518072,10.871711482914243,73.88258365182175,793.6379032929528
0.627677100494234,0.5022421524663677,50.83105330331687,9.16440985628308,90.1830422134419
0.30996309963099633,0.4039829302987198,52.69616139041754,84.002322666572,368.0420206716986
0.11898395721925134,0.24049217002237136,33.33578970700611,317.53438524452105,28.771445816826247
0.2839248434237996,0.4136986301369863,42.33837615648962,135.73936389783074,1211.2839676452813
0.3692115143929912,0.23693693693693693,83.6690409372133,386.73996701809875,42.83375725670586
0.39895833333333336,0.5167130919220055,40.01355249310318,21.827432298245167,170.11912480800981
0.3660477453580902,0.282642089093702,198.52589188807548,125.405934317282,54.95743554518496
0.7542533081285444,0.4372093023255814,35.28209689275781,8.89978200145664,60.565047314676285
0.33856502242152464,0.11211340206185567,26.791306241697537,104.94347195078005,40.36402502245028
0.4609053497942387,0.15993265993265993,104.45401567895298,83.51119894727253,16.78812199733906
0.16129032258064516,0.08565310492505353,12.074532408416776,89.94772627735999,23.94548959987387
0.6521739130434783,0.30363036303630364,692.1532115353128,28.089511111269083,15.591076820676843
0.31864406779661014,0.30701754385964913,630.3128090714982,152.41733610772164,124.09810438621011
0.22926829268292684,0.13643926788685523,19.106228326516764,722.8840521928514,74.07393252594284
0.6140776699029126,0.4465592972181552,83.07640432511997,11.797224798678753,117.44242128983987
0.19381107491856678,0.2673656618610747,64.10635692836951,366.9528257864076,64.71898521816433
0.22601626016260162,0.6036585365853658,11.667261799466655,124.70818806207802,173.37269607179226
0.1260815822002472,0.22494432071269488,28.060391874922086,909.9169308568311,28.28865903050211
0.1436950146627566,0.14518760195758565,15.55567141089058,137.4340121347522,24.359472018686958
0.34375,0.28721174004192873,202.58816453719297,144.34352090651234,73.25535262897995
0.3425720620842572,0.2608200455580866,102.84681991072425,231.83523021624094,65.10299678542802
0.5455801104972375,0.409967845659164,459.74942870099454,17.234031706862602,59.09900140713216
0.5854166666666667,0.07731958762886598,67.17233467232418,21.313942971745917,8.037070820891628
0.07152682255845942,0.455470737913486,15.754357375241035,23.82292215675694,319.44223244076886
0.33555555555555555,0.16842105263157894,36.50125054495345,237.35372719603035,50.052345413243465
0.3017689906347555,0.282708142726441,141.06261954621797,271.4959971651862,164.78270409504267
0.33943427620632277,0.4358353510895884,45.07256432307828,49.011181506724554,403.96265436167977
0.436183395291202,0.378099173553719,182.51947052433854,32.522320207311836,64.42040536907261
0.25096525096525096,0.4594240837696335,25.44167096498694,960.7539279454224,4530.955086855575
0.19063545150501673,0.5641025641025641,12.078159694640261,51.22179462956749,136.44939215404756
0.4635352286773795,0.2546816479400749,281.05748761691046,118.70571431026184,23.804834855354567
0.41115702479338845,0.06164383561643835,35.406232231365465,39.43440370395433,17.243787947375985
0.34793187347931875,0.07607192254495158,23.965325003850594,70.67496139434058,32.29719001781806
0.47601476014760147,0.4079601990049751,229.77401248697478,22.696722026720806,76.50965214208188
0.1794871794871795,0.41622198505869795,28.72326223455321,74.25440411646842,201.59823046099754
0.1070559610705596,0.44573082489146165,18.37300091768154,31.150525541569735,240.85187854607625
0.3442622950819672,0.214992927864215,56.146695955027816,12209.63844742672,52.25159043238662
0.3611111111111111,0.20695652173913043,57.37955674632988,984.6768301427062,41.33636339033556
0.3730769230769231,0.18467336683417085,51.355400750009714,253.93499650481104,33.71468014613018
0.2709251101321586,0.09247027741083223,17.863255893108132,334.51455680528585,1972.0755830593446
0.46774193548387094,0.5929054054054054,65.39343254272862,11.99733398231406,41.49126550457056
0.23387096774193547,0.16939890710382513,23.810956322765385,1679.7129627362692,92.7496749257458
0.2121951219512195,0.296976241900648,180.76066603193297,357.240161809398,99.96679936963984
0.6196868008948546,0.2791946308724832,289.73201664492234,42.31231691330067,14.870358378460736
0.27261462205700127,0.5663716814159292,15.892368455741918,110.04993179716118,3472.6826478187136
0.4518002322880372,0.11461318051575932,70.43269138126965,48.167579576075475,15.387234690967437
0.27564102564102566,0.29812834224598933,242.88296347722152,419.7515002712386,953.8962852812293
0.301255230125523,0.551829268292683,19.048656513662053,54.54654257326618,392.00166047346244
0.0888529886914378,0.22747252747252747,26.39540667764476,544.2835313599561,22.694510645280754
0.0867430441898527,0.09973404255319149,10.665356107178429,53.85075708082669,14.720153235233605
0.5480225988700564,0.13179571663920922,216.02819770357831,39.490131797231626,10.579360474007315
0.07518796992481203,0.1559202813599062,14.064499546792625,97.32188712693511,16.31194887441603
